Landmark,NaptanCode
"HOUSE 81",MANDWMGW
"HOUSE 921",MANDWJAM
FLATS,MANGATWT
"LANCASHIRE HSE",MANGPJMA
"MOUNT ST JOSEPH",MANTDWAW
"MOUNT ST JOSEPH",MANTDWDJ
"MOUNT ST JOSEPH",MANTDWAT
"MOUNT ST JOSEPH",MANTDWDG
"MOUNT ST JOSEPH",MANTDWDA
"KING STREET",
"KING STREET",
HAIRDRESSERS,MANJWDPT
"HOUSE 560",MANDPADG
"SERVICE STATION",MANDPADA
"MOUNTAIN ASH",MANGPWMG
"KINGS ROAD",
"KINGS ROAD",
NURSERY,MANPDWAD
"HOUSE 237",MANAGMJT
SCHOOL,MANDPTWD
Mudd,
Mudd,
"PROPERTY 4",MANTGAWT
"MULBERRY WAY",
"MULBERRY WAY",
"HOUSE 44",MANGTGDG
"THE MISSION",MANGTGDA
"BUS DEPOT",MANAJPWG
"BUS DEPOT",MANAMGWG
"BUS DEPOT",MANAMGWA
"BUS DEPOT",MANAMGWD
"OLDHAM WAY",
"VICTORIA AVENUE",
"VICTORIA AVENUE",
"Munn Road (SE bnd)",
"HOUSE 176",MANGPAGD
"CLOVELLY COURT",MANJTAJA
CHURCH,MANJPWPD
"THE WILLOWS",MANGPADM
"BLUEBELL COURT",MANGPADP
"HOUSE 6",MANDWDWJ
"SCIENCE MUSEUM",MANDJTPJ
"Music Faculty",
"Music Faculty",
"WOODFIELD TERR",
"Mutual St (SW bnd)",
"WOODFIELD TERR",
,MANDTPWT
"GOLF COURSE",MANTGMGP
"MYRTLE BANK",
"BLACKROCK ST",
"BLACKROCK ST",
"HOUSE 405",MANPADJW
"HOUSE 411",MANPADJT
"NABBS HOUSE",MANDPWPJ
"HOUSE 118",MANDPWPM
"HOUSE 65",MANPATDP
NEWSAGENTS,MANJDAGJ
"BAMFORD ARMS",MANJGWTM
"LANDSDOWNE HSE",MANJMATJ
"HOUSE 195",MANGTMPA
"HOUSE 108",MANGTMJW
"HOUSE 70",MANAMDTM
"PLAYING FIELDS",MANGMGDA
"MOT TEST CENTRE",MANJPDWA
GARAGE,MANJPJPW
"HOUSE 16",MANGPTWJ
"HOUSE 31",MANGPTWM
"NAUNTON ROAD",
"NAUNTON ROAD",
"HOUSES 85",MANTPWTD
COSTA,MANJGDPG
PHARMACY,MANJGDPD
"BUILDING SOC",MANJGDPJ
"NAVIGATION PUB",MANAPAPG
"TURNING CIRCLE",MANAPAPJ
"WELLINGTON ROAD",
"NAVIGATION ROAD",
"GROSVENOR ROAD",
"GROSVENOR ROAD",
,
,
,
"KINGDOM HALL",MANJWATD
"KINGDOM HALL",MANJWATW
"HOUSE 72",MANPMDTD
"HOUSE 67",MANPMDTA
"PLAYING FIELD",MANAGPWP
"NAYLOR CT",MANAGPWT
"WINSTANLEY ROAD",
"WINSTANLEY ROAD",
"Near Barrowshaw",
"Near Barrowshaw",
"HOUSE 113",MANGWPDJ
"HOUSE 138",MANGWPAT
"Nearcoft Rd (Ebd)",
"HOUSE 19",MANGWTJG
"SUB STATION",MANGWTJD
NORTHWARDS,MANDMDGD
"BAGULEY PARK",MANGPMGA
AQUEDUCT,
"ARROWFIELD ROAD",
"E OF ARROWFLD R",
"E OF ARROWFLD R",
"SOURTHERN HOTEL",MANGWAJT
SCHOOL,MANGWGAG
SIEMENS,MANGWDPA
"HIGH SCHOOL",MANGWAJP
"CAR WASH",MANGWATM
SCHOOL,MANGPMJG
"HOUSE 104",MANGPAMW
FLATS,MANGPAMT
SHOPS,MANDJDPD
"HOUSE 8",MANATPJA
"HOUSE 15",MANATPGW
"ALLOTMENT GDNS",MANJGWDJ
"HOUSE 39",MANJGWDM
"HOUSE 61/63",MANDPDMD
"HOUSE 48",MANDPDMG
"HOUSE 48",MANGDGMD
"HOUSE 37",MANGDGMA
PARKGATE,
PARKGATE,
PARKGATE,
"WOODVALE AVENUE",
"WOODVALE AVENUE",
"HOLDEN FOLD LA",
"HOLDEN FOLD LA",
"EDWARD ROAD",
"EDWARD ROAD",
"CONRAN ST MKT",MANADWPM
"HOUSE 4",MANADWPT
"HOUSE 13",MANTGMPW
"LEVER COURT",MANGJDTA
"Nevile RD (Ebd)",
"Nevile Rd (Wbd)",
"MOORSIDE ROAD",
"HOUSE 286",MANJAPAG
"DOCTORS SURGERY",MANPMGWG
"HOUSE 621",MANPMGWD
"HOUSE 188",MANTDPTJ
"HOUSE 45",MANAGPWM
"HOUSE 15",MANAGJPW
FARM,MANDTWTP
FARM,MANTGTAM
"FARM ENTRANCE",
"MEREFIELD ST",
"MEREFIELD ST",
,MANATPJG
,MANAMTMG
"NEW BARN ROAD",
"NEW BARN ROAD",
"New Bridge St (E bnd To Def Rte)",
"DUTTON STREET",
"DUTTON STREET",
"TRINITY WAY",
"TRINITY WAY",
"HOUSE 65",MANTGPDT
"HOUSE 98",MANPDGDT
"NEW CHAPEL LANE",
"New Charter Academy",
"NEW CHARTER",MANDAGTA
"ADJ SCHOOL",MANDAMJW
"New Charter Academy",
SURGERY,MANPDTMD
CHURCH,MANPDTMA
"ALBION STREET",
"ALBION STREET",
"ST.VINCENT H'SE",MANADTWJ
"New Delph",
"New Delph",
"NEW DRAKE GREEN",
"HOUSE 72",MANJWTDW
"NEW DRAKE GREEN",
NEWSAGENT,MANATPDP
"HOUSE 1",MANAWJMD
"HOUSE 70",MANAWJMA
"ESTATE AGENTS",MANATPDM
"New Earth St (Nbd)",
"New Earth Street",
"CAR PARK",MANDJMAM
"HOUSE 107",MANTPAGJ
"PROPERTY 821",MANGJPDJ
"HOUSE 584",MANPDTMJ
"HOUSE 10",MANPAJWD
"ESTATE AGENTS",MANPDTMP
"HOUSE 51",MANPDGJT
"HOUSE 1B",MANPAJWG
"HOUSE 545",MANDTWGP
"New Hall Road",
"New Hall Road",
"RAILWAY STREET",
,
,
"LEA GATE CLOSE",
"LEA GATE CLOSE",
"NEW INN",MANDPGAM
,MANTPDJT
"HOUSE 742",MANDPGAJ
"NEW INN",MANTPDJW
PATH,
PATH,
,
,
,
SCHOOL,MANAGTDP
SCHOOL,MANAGTDT
"PADBURY WAY",
"HOUSE 5",MANJWMAD
"PADBURY WAY",
"KINGS PARK",MANDAMGM
CEMETERY,MANGAWGW
"DENTAL SURGERY",MANGAWGT
"New Manchester",
,MANPTMWP
SHOPS,MANPWMAG
"MESNES STREET",
"HOUSE 80",MANDJATP
,MANDJATW
"HAMILTON DAVIES",MANGJTDP
"HOUSE 216",MANAJMWP
SCHOOL,MANAJMWT
"RUSTONS WALK",MANAJMWD
"New Quay St (NWbnd to define route)",
"New Quay Street (to define route)",
"EXPRESS METAL",MANAWJAD
"ENGINEERS WORKS",MANAWPWJ
RESTAURANT,MANPTADT
"HOUSE 498",MANPTADJ
"HOUSE 439",MANPMDPJ
"NEW STREET",
"NEW STREET",
"WENTWORTH AVE",
"WENTWORTH AVE",
"New Wellington High School (Sbnd)",
,MANJMGDW
"RECREATION GRDS",MANJMGDT
"INDUSTRIAL EST",MANJMGAW
"CARRINGTON ROAD",
"TURNCROFT LANE",
"TURNCROFT LANE",
"CARRINGTON ROAD",
"POST OFFICE",MANGWPMT
"MEDICAL CTR",MANGWPTD
SCHOOL,MANGWPWA
SCHOOL,MANGWPTW
"TANDLE HILL RD",
"TANDLE HILL RD",
"Newark Parkway (SEbnd)",
"HOUSE 221",MANJGTPD
"HOUSE 99",MANGDMAW
"HOUSE 102",MANGDMDA
"NEWARK ROAD",
"NANTWICH AVENUE",
"NANTWICH AVENUE",
"NEWLANDS AVENUE",
,MANPWPTW
"HOUSE 144",MANPWPWA
,
,
"FLAT 9-14",MANGAGJT
"POST OFFICE",MANGAGJP
CHURCH,MANJDTMJ
"CAR PARK",MANJDTMP
"HOUSE 17",MANGDAPA
"HOUSE 103",MANJTPDA
"HOUSE 76",MANJTPAT
"INDUSTRIAL EST",MANJAPTW
"HOUSE 135",MANJAPWA
"HOUSE 1",MANPADMJ
"RED LANE",
,MANPADMG
"HOUSE 29",MANDWDAJ
"HOUSE 82",MANDMAPT
"HOUSE 75",MANDMAPM
"AMESBURY ROAD",
"AMESBURY ROAD",
"CAPTAIN FOLD RD",
"CAPTAIN FOLD RD",
"CARE HOME",MANDPWDW
"HOUSE 98",MANDPWGA
,MANDPMJG
,MANTWPDG
,MANTWPDA
LAYBY,MANTJTWD
"HOUSE 76",MANPJMDW
"HOUSE 65",MANPMATG
"HOUSE 666",MANTAMGW
"HOUSE 657",MANTAMJA
,
,
SCHOOL,MANDWDJA
"HOUSE 52",MANDWDWT
"POST OFFICE",MANGAMTD
"HOUSE 15",MANGAMTG
"NEWHEY ROAD",
"NEWHEY RPAD",
"TURNING CIRCLE",MANGAMPJ
TERMINUS,MANGAMPM
,MANGATPT
"HOUSE 136",MANGATPM
"WALTON STREET",
"JACKMAN AVENUE",
"JACKMAN AVENUE",
"WALTON STREET",
"COLVILLE DRIVE",
"COLVILLE DRIVE",
"HOUSE 931",MANPGJAJ
"HOUSE 934",MANPGJAG
"HOUSE 59",MANJAGWJ
"HOUSE 62B",MANJAGWG
"Newlands Ave",
"Newlands Ave (S bnd)",
"NEWLANDS AVENUE",
"HOUSE 58",MANPGDWM
,MANPGDWP
COLLEGE,MANATAMP
"HOUSE 297",MANATAMT
"HOUSE 258A",MANDATGA
"HOUSE 239",MANDATGD
"LINCOLN AVENUE",
"LINCOLN AVENUE",
"Newmarket Road (SW bnd)",
"CASTLE STREET",
,
,
,
"DEAN LN STN",MANAGDGD
"HOUSE 93",MANAGWAD
"POST OFFICE",MANAGTWT
"WM CLUB",MANAGTWG
"CHIP SHOP",MANAGTWJ
"DROYLSDEN ROAD",
SCHOOL,MANADWDA
"HOUSE 49",MANTGJMW
"HOUSE 420",MANTDMJG
"HOUSE 409",MANTDMJM
"NEWTON ROAD",
"NEWTON ROAD",
SHOPS,MANJTATJ
"NEWTON ROAD",
"NEWTON ROAD",
"NEWTON ROAD",
"OPP CAR PARK",MANADAWD
,MANATWPG
OFFICES,MANDGJWP
PICCADILLY,
PICCADILLY,
,MANGPMJA
"GARDEN CENTRE",MANGTMDM
COLLEGE,MANTGAMT
"IND ESTATE",MANTDPAM
FACTORY,MANTDPAJ
"HOUSE 338",MANTDMWP
GRANGEWOOD,
GRANGEWOOD,
"Nicol Road (NEbnd)",
DENTIST,MANGTWTG
"KINGSLEY AVENUE",
"KINGSLEY AVE",
"NR OPEN LAND",MANPWJDA
"OPEN LAND",MANPWJDG
"FRANKLIN HOUSE",MANAPGMP
"FLATS 1-37E",MANGMJPW
"HOUSE 80",MANJPGPM
TERRACE,MANJPGPT
"MEDICAL CENTRE",MANPDJTW
"CONSERV CLUB",MANPDJTP
"CAR GARAGE",MANDWJDP
"OPP NHS TRUST",MANTGMAT
HOSPITAL,MANDMADG
"NMGH CASUALTY",MANDMATA
"OPP NHS TRUST",MANDJMAG
"HOUSE 93",MANDMADA
"HOSPITAL GROUND",MANDJGTG
"CAR PARK",
"NOOK LANE",
"NOOK LANE",
"HOUSE 107",MANTPDAT
"HOUSE 150",MANPWTAG
"NORBURY CHURCH",MANJMADT
"BOWDEN LANE",
"Norbury Drive (SEbd)",
RESTAURANT,MANJDMTG
RESTAURANT,MANJDMPM
"NORBURY STREET",
"Nordale Park (NE bnd)",
"Nordale Park (NW bnd)",
"Nordale Park (SE bnd)",
"Nordale Park (SW bnd)",
"HOUSE 52",MANDWAWA
"NORDEN CLOSE OP",
SCHOOL,MANDWDGA
SCHOOL,MANDWDAT
"TURNING CIRCLE",
"TURNING CIRCLE",
,MANGDPMG
"HOUSE 100",MANGATGA
"HOUSE 373",MANGDPMD
"HOUSE 808",MANGDTWG
BANK,MANGDTWD
"WOLSTENHOLME LA",
"WOLSTENHOLME LA",
"HOUSE 12",MANTGWAT
"HOUSE 31",MANPWJPM
"HOUSE 25",MANTADGA
"NORFOLK ROAD",
"NORFOLK ROAD",
"Norford Way",
"Norford Way",
"HOUSE 235",MANJTMPJ
FLATS,MANPMPDW
"HOUSE 154",MANPTDWM
"HOUSE 109",MANPTDWP
"HOUSE 73",MANDGJAM
"MEDICAL CENTRE",MANJDMAD
"HOUSE 72",MANJMAGJ
"EVERSLEY FLATS",MANJPMTM
"WESTWOOD DRIVE",
"HOUSE 448",MANJTMTA
"HOUSE 114",MANJTPAP
"HOUSE 79",MANJTMWJ
"HOUSE 137",MANJTPDG
"CONWAY ROAD",
"BELMORE HOTEL",MANJTMDG
"CONWAY ROAD",
"HOUSING ESTATE",MANJTMPT
"WESTWOOD DRIVE",
"CRADDOCK ROAD",
"CRADDOCK ROAD",
PARK,MANTDATW
"HOUSE 403",MANPWJAJ
"OPP A/E DEPT.",MANDJGWP
HOSP/LAUNDRY,MANDJGWT
"Central Drive/North Park Ave",
"Central Drive/North Park Ave",
"NORTH PARK ROAD",
"MIDLAND ROAD",
"MIDLAND ROAD",
"RECREATION GRND",MANAGWPT
"TRENCHARD COURT",MANAWMDA
"HOUSE 16",MANDAPJA
"HOUSE 35",MANDAPJD
PARK,MANAGWDW
STATION,MANJDJDP
CHURCH,MANAGWJD
"HOUSE 79",MANDMTDM
"HOUSE 30",MANDMTDJ
"MASONIC HALL",MANPMTGW
"RAIL STATION",MANPMTGT
"MAS HALL",MANPMTJA
"NR HOUSE 1",MANAJADP
"(BEND IN M'WAY)",
"HEALTH CENTRE",MANGTATD
"HOUSE 412",MANJTPAG
"HOUSE 1",MANJTPAW
SHOPS,MANGTATP
SHOPS,MANGTATM
,
,
,
,
"HOUSE 246",MANGWTWT
"HOUSE 215",MANJADAM
"BELGRAVE RD",
"HOLLINWOOD AVE",
"BELGRAVE ROAD",
"HOLLINWOOD AVE",
"TRIPPIER ROAD",
"TRIPPIER ROAD",
"FOXHILL ROAD",
"FOXHILL ROAD",
"HOUSE 111",MANJAWDW
"THE GRANGE",MANJAWGA
"BOW GARRETT",MANJATWA
"NEAR ELS 7",MANJATWD
"BLOOM STREET",
"BLOOM STREET",
"HIGHFIELD ST",
"HIGHFIELD ST",
"HOUSE 116",MANDTATA
"HOUSE 138",MANAGJTA
"STANIER ST",
CHURCH,MANGTGWJ
CHURCH,MANGWMDJ
,MANDGTWA
"HOUSE 135",MANDGTMW
"PUBLIC HOUSE",MANJGMAP
"PUBLIC HOUSE",MANJGMAT
"HOUSE 10",MANDAMAW
"HOUSE 11",MANDAMDA
"SCOUT HALL",MANJGTAD
"THE CLOUGH OP",
"STRETFORD ROAD",
"KESTON CRESENT",
"KESTON CRESENT",
"STRETFORD ROAD",
,MANGPDJM
"HOUSE 5",MANGPDPW
"Northumberland Street",
"Northumberland Street",
"MESNES STREET",
"MESNES STREET",
FLATS,MANTMTDW
APARTMENTS,MANAJMTJ
FLATS,MANAGMGA
"HOUSE 10",MANGDMAT
"HOUSE 18",MANGDMAP
"BUILDING 219",MANTDGDA
"HOUSE 230",MANTDGDG
"NORWOOD AVE",
"Norwood Avenue",
"NORWOOD AVENUE",
"Norwood Avenue (NWbnd)",
"HOUSE 64",MANJTGTD
"HOUSE 89",MANJTGTG
"Nottingham Ave",
"Nottingham Ave",
CHURCH,MANPATPM
"HOUSE 57",MANPWGWA
"HOUSE 214",MANDWGMP
"ROCHDALE ROAD",
SCHOOL,MANAJWGD
SCHOOL,MANAMDJG
SCHOOL,MANAMDJA
SCHOOL,MANAMDJD
SCHOOL,MANAMDJM
"PUBLIC HOUSE",MANJDGWP
CLINIC,MANJDGWT
"WOODS LANE",
"WOODS LANE",
"HOUSE 58",MANPJAWA
"MOUNT ROAD",
"POPPYTHORN LANE",
"MOUNT ROAD",
"POPPYTHORN LANE",
"NURSERY ROAD",
,MANGMWDJ
"HOUSE 164",MANTDMPM
FIELD,MANTDMPJ
"NURSING HOME",MANADPMA
SCHOOL,MANADGAM
"HOUSE 320",MANAGMDA
"HOUSE 319",MANAGMDG
"BROADWAY HOTEL",MANAGJGD
"Nutsford Vale",
"Nutsford Vale",
"NUTTALL CLOSE",
"NUTTALL CLOSE",
"BOLTON RD WEST",
COOK,MANJTDWD
"KWIK FIT",MANJTDWG
NUTTERS,MANGDTPT
"HOUSE 967",MANAJWAG
"MOTORIST SHOP",MANDMDPG
"HOUSE 878",MANAJWAJ
"CARILL AVE",
"CARILL AVENUE",
"HOUSE 180",MANJAMDW
"HOUSE 281",MANJGDJW
"HOUSE 106",MANJAMGA
"OAK LANE",
"OAK LANE",
"OAK LANE",
CHURCH,MANDMWGD
"HOUSE 116",MANDMTWJ
"HOUSE 94",MANDMTPW
"HOUSES 55",MANATMAG
"HOUSE 40",MANATMAD
"HOUSE 611",MANATMGM
"CAR WASH",MANGWGJW
,MANJTWGD
,MANJTPJW
"HOUSE 205",MANJTPMT
"OAK ROAD",
"OAK ROAD",
MILL,MANATPMD
"OAK VIEW MILLS",MANATPMG
"AVON ROAD",
"OAKBANK AVENUE",
"AVON ROAD",
"OAKBANK AVENUE",
"HOUSE 478",MANGJATJ
"OAKCLIFFE ROAD",
"THE GREEN GATE",MANGJATG
"OAKCLIFFE ROAD",
"Oakcliffe Road",
"Oakcliffe Road",
"HOUSE 6",MANAPAGD
WORKS,MANAPAGJ
"Oakdene Rd (Wbd)",
"MANOR HILL ROAD",
"HOUSE 300",MANGAWDA
,MANGAWDG
"Oaken Bottom",
"Oaken Bottom",
"BREIGHTMET HSE",MANJWTMJ
"HOUSE 380",MANDWTAJ
CHURCH,MANGDTAG
"HOUSE 2",MANJWJPM
"HOUSE 278",MANAWGTM
"HOUSE 261",MANATWMT
BEECHAM,MANPJWDW
"HOUSE 224",MANPJWGA
,MANJWMWT
"HOUSE 95",MANJWMWP
"OAKFIELD STREET",
"OAKFIELD STREET",
FOODSTORE,MANDAGDA
"HOUSE 246",MANDAGAW
"OAKLAND HOUSE",MANJTGJD
"BRITISH GAS",MANJTGJG
"HOUSE 83",MANATPTJ
"SLFD SPORTS VIL",MANGPGAG
"HOUSE 90",MANATPTG
"HOUSE 248",MANGPGAD
"OAKLANDS ROAD",
"OAKLANDS ROAD",
"OAKLANDS ROAD",
"HOUSE 55",MANPAJMA
"HOUSE 80",MANPADWD
"CANON SLADE SCH",MANPADWA
"HOUSE 7",MANJDGJM
"HOUSE 117",MANGMWJW
,MANGMWJT
"BOWLING GREEN",MANDMDAG
"OAKWORTH STREET",
"OLD MARKET ST",
"OAKWORTH STREET",
"OLD MARKET ST",
"OASIS ACADEMY",MANAMAWG
"SHOPPING PARADE",MANGPWPA
SHOPS,MANGPWMW
"TECHNOLOGY CTR",MANTWMTP
"HOUSE 68",MANJAMJM
"HOUSE 57",MANJAMJA
"HOUSE 12",MANGMWMD
"SANDWICH SHOP",MANJDPJW
"HOUSE 97",MANJDAJA
,MANJDAGW
"HOUSE 15",MANJDPMA
RESTAURANT,MANJDPGW
"OFFERTON GREEN",MANJDPGT
"DOVEDALE ROAD",
"DOVEDALE ROAD",
,MANJAJMW
"SEVEN WINDOWS",MANJDPGA
,MANJDMTP
,MANJGMWD
"HOUSE 55",MANJMDTG
"HOUSE 33",MANJGTDJ
"HOUSE 33",MANJMGAT
"HOUSE 73",MANJPJWA
"HOUSE 46",MANJPJWJ
"PUBLIC HOUSE",MANDAGJA
"TRAFFORD CENTRE",MANJPJGP
"GOLF RANGE",MANJPDTD
"HOUSE 107",MANGTMDP
FLATS,MANTWAWG
"PROPERTY 56A",MANDPGWP
,MANDPGWT
JEWSONS,MANJAWPG
"HOUSE 83",MANJAWPD
"HOUSE 595",MANGWGMG
"HOUSE 417",MANAPDJM
"OLD BULLS HEAD",MANAPDJP
"BUS DEPOT",MANDWPTM
DEPOT,MANDWPTJ
"Old Chapel St (Sbd)",
"OLD CHAPEL ST",
"NORTHGATE ROAD",
"OLD CHAPEL ST",
"NORTHGATE ROAD",
,MANPJTGM
"HOUSE 305",MANPJGWM
"HOUSE 66",MANTGJWG
"HOUSE 73",MANPMAWM
,MANPJTGP
"Old Cross Street (to define route)",
"NR SCHOOL",MANAPTJD
"OFF LICENCE",MANAPTJG
"HOUSES 2A/4",MANPMTMD
"HOUSE 19",MANTWJWD
"HOUSE 192",MANPTAGA
"OLD ENGINE",MANPTJDG
"NR HUDDERSF. RD",
"FLOATING LIGHT",MANAMPJM
,MANTGWPG
CHURCH,MANDGMPM
"CARE HOME",MANDGMPJ
"OLD GREY MARE",MANAPTJP
"ELM LEIGH",MANAPTJM
,MANPDAWM
,MANPDAWP
"SCOUT HALL",MANPMGAD
"SCOUT HALL",MANPMGAG
"OLD HALL LANE",
"OLD HALL LANE",
"HOUSE 145",MANADGTA
,MANDTGAT
"SHEAVYN HOUSE",MANADWGP
"HOUSE 58",MANADGAW
"OLD HALL LN",
"OLD HALL COURT",MANTGMGT
"KINGS PARK",MANTAMGP
"HOUSE 603",MANTAMGT
"HOUSE 469",MANJMPMT
"HOUSE 506",MANJMPTD
"HOUSE 279",MANTDTAG
,MANPAMDG
"Old Lane",
"Old Lane",
"HOUSE 291",MANATDAT
"HOUSE 80",MANPWMWM
"HOUSE 314",MANPWTJT
"HOUSE 264",MANAJPMD
"HOUSE 349",MANPWTJP
,MANPDTDW
KINGWAY,
KINGWAY,
"HOUSE 10",MANDMAWM
,MANTPGDM
"CLUB HOUSE",MANDJTGD
"HOUSE 5",MANDMDAJ
"NEW WHITE LION",MANDJTGJ
PLAYGROUND,MANJPWGD
"WELLFIELD LANE",
"FOOTBALL FIELD",MANJPWAW
FLATS,MANATMWP
"OUTRAM HOUSE",MANAGTDA
FLATS,MANAGTDG
"Old Moat Ln (Wbd)",
"HOUSE 36",MANGWDPD
PARK,MANGWDPG
"HOUSE 112",MANDTJAW
,MANDTJDA
"DOCTOR LANE",
"DOCTOR LANE",
"O/S HOUSE 3",MANDPWMD
"O/S HOUSE 2A",MANAWDWG
"OPP PUBLIC HSE",MANAWDWJ
"OLD PEPPER LANE",
"OLD PEPPER LANE",
"HOUSE 139",MANTGMJW
"HOUSE 139",MANPMPDA
"OLD PEPPER LN",
"FLATS 122-138",MANTDPJW
"ALBION MILLS",MANJADJD
"BOWLING GREEN",MANDMDMD
"HOUSE 57",MANTMPJD
"HOUSE 39",MANDGAJW
,MANDGAJT
"HOUSE 279",MANTDPMA
"PROPERTY 1079",MANDMDMA
"HOUSE 4",MANPWDJP
"HARDMAN STREET",
"LOW BANK ROAD",
"WIGAN ROAD",
"CANSFIELD GROVE",
,MANPTJGM
"OLD SPRINGS PUB",MANPTJGD
"PRESCOT LANE",
"SHOPS 131/133",MANTGAWP
"CAR PARK",MANAWGJA
"GOOD HOPE MILL",MANDADGJ
"DIGGLE TERMINUS",MANAPAPD
"CAVENDISH ST",
FACTORY,MANPWAPD
,
,
,
"ELSINORE ROAD",
"CHESTER RD",
"EDGEBASTON DRIVE",
"ELSINORE DRIVE",
"WARWICK ROAD",
"HOUSE 183",MANTMTDA
"HOUSE 165",MANPGMTA
"SPRINGSIDE ROAD",
"SPRINGSIDE ROAD",
,MANPJWJW
,MANPJWJT
,MANDPTMD
"HOUSE 24",MANDPTMG
,MANGMTWG
"BLACK HORSE PUB",MANGMTWM
"HOUSE 80-82",MANGMPAM
"THE OLD PINT PT",MANGMTWD
DEPOT,MANGMJPM
"BLACK HORSE PUB",MANGMTWJ
"COMMUNITY CTR",MANGJGWG
"HOUSE 1",MANJPWJM
"HOUSE 25",MANJTPGD
"BONVILLE ROAD",
"BONVILLE ROAD",
SHOPS,MANJTDGP
"MANCHESTER ST",
"UNION ST",
"UNION ST",
"UNION ST",
"ASHWORTH ST",
"BUS STATION",
"UNION ST",
"YORKSHIRE ST",
MUMPS,
"BRIDGE ST",
"BRUNSWICK ST",
"WATERLOO ST",
"HUNTER'S LANE",
SCHOOL,MANAMDGP
"HOUSE 37",MANAMJTP
"ST MARY'S WAY",
"WEST ST",
,
,
"WEST STREET",
"Oldham Central Bus Station",MANTMGDT
"Oldham Central Bus Station",MANTMGJA
CHEAPSIDE,
"Oldham Central Bus Station",MANGPGDM
"Oldham Central Bus Station",MANTMGJD
"Oldham Central Bus Station",MANTMGJG
"Oldham Central Bus Station",MANTMGJM
CHEAPSIDE,
"Oldham Central Bus Station",MANTMGDP
"Oldham Central Bus Station",MANTMGJP
"Oldham Central Bus Station",MANTMGDW
"WEST STREET",MANTJGTD
"WEST STREET",MANTJGTG
"WEST STREET",MANTJGTJ
"WEST STREET",MANTJGTM
"WEST STREET",MANTJGTP
"WEST STREET",MANTJGTW
"WEST STREET",MANTJGWA
"WEST STREET",MANTJGWD
"RING OF FEATHER",MANAJPWJ
COLLEGE,MANAPGJP
"OLDHAM COLLEGE",MANAJPWM
"GEORGE LANE",
"GEORGE LANE",
"GOLF CLUB",MANTGPTP
"HOUSE 103",MANAMPDM
"WILDMOOR AVE",
,
,
,
"OLDHAM WAY",
,
,
,
,
"Oldham Mumps Bridge Bus Station",
"Oldham Mumps Bridge Bus Station",
"Oldham Mumps Bridge Bus Station",MANGPGJA
"Oldham Mumps Bridge Bus Station",
"Oldham Mumps Bridge Bus Station",
"Oldham Mumps Bridge Bus Station",
"Oldham Mumps Bridge Bus Station",
"Oldham Mumps Bridge Bus Station",
INTERCHANGE,MANAPDTM
INTERCHANGE,MANAPDTP
INTERCHANGE,MANAPDTW
INTERCHANGE,MANTWGAM
INTERCHANGE,MANAPDWA
INTERCHANGE,MANAJTPJ
,
"OP DALE GROVE",MANDAJTA
"Swimming Pool",MANTWTJP
"ROAD JUNCTION",MANATPTW
"CHIMES COURT",MANATPWA
"NR CANAL",MANAPAPT
"NR OPEN LAND",MANAPAPW
"HOUSE 7",MANAMAGT
DEPOT,MANAGWPW
"HOUSE 13",MANGADGA
"HOUSE 125",MANAWJDW
"HOUSE 17",MANATDMT
SCHOOL,MANDWAPJ
"CAR PARK",MANAGMTM
"HOUSE 4",MANAGDGA
"HORNET CLOSE",MANGJDGA
"HOUSE 9",MANGDGMW
GARAGES,MANDAJPW
FLATS,MANAGTAJ
"FLATS 1-7",MANGJDAW
LAYBY,MANAGPTP
"HOUSE 42",MANDWPGD
"HOUSE 31",MANAMAGW
"OLDHAM ROAD",
,MANDADAT
SHOPS,MANAGTWM
WAREHOUSE,MANAGPTW
NEWSAGENTS,MANDWTMG
,MANAMTGJ
,MANAMTGM
"HOUSE 13",MANDADAP
SUBSTATION,MANATDMP
"DRYCLOUGH MANOR",MANAPMTP
"NOWSTER PUB",MANDWATM
"OLDHAM ROAD",
"M60/Oldham Rd (to define route)",
"M60/Oldham Rd (to define route)",
"OLDHAM ROAD",
"OLDHAM ROAD",
"CROSSBANK ST",
"CROSSBANK ST",
MORRISONS,MANADAWT
"BUILDING NO 3",MANADWAT
"CAR PARK",MANDATMW
OXFAM,MANADGAD
"SCHOOL FIELD",MANAJPJG
"SLIP ROAD",
"ASHTON ROAD",
"ASHTON ROAD",
"FEATHERSTALL RD",
"PASS STREET",
,
,
"WEST ST",
"Oldham West Street Bus Station",MANGPGDT
"Oldham West Street Bus Station",MANTMGMA
"Oldham West Street Bus Station",MANTMGMD
"Oldham West Street Bus Station",MANTMGJW
"WEST ST",
"OP CHEAPSIDE",
"Oldham West Street Bus Station",MANTMGJT
"OP CHEAPSIDE",MANTJWAT
"OP CHEAPSIDE",MANTJWAW
"OP CHEAPSIDE",MANTJWDA
"OP CHEAPSIDE",MANTJWDG
"OP CHEAPSIDE",
"OP CHEAPSIDE",
"OP CHEAPSIDE",
"OP CHEAPSIDE",
"OP CHEAPSIDE",
"OP CHEAPSIDE",
"OP CHEAPSIDE",
"OP CHEAPSIDE",
"OP CHEAPSIDE",
"OP CHEAPSIDE",
"OP CHEAPSIDE",
"OP CHEAPSIDE",
"OLDMILL STREET",
"OLDMILL STREET",
"CAR WASH",MANJGPMG
"RAILWAY BRIDGE",MANJGPMD
"OLLERTON CLOSE",
"OLLERTON CLOSE",
"OLYMPIC HOUSE",MANGPMDW
"CAR PARK",MANGJMTJ
"TRAM LINE",MANGJMTM
"IND UNITS",MANAPTAT
"HOUSE 341",MANAPTAP
"KINGSTON DRIVE",
"KINGSTON DRIVE",
"Oozewood Road (Wbnd)",
"CAR DEALERSHIP",MANDTDPM
"HOUSE 385",MANDTDPT
,MANPGTGP
"OPERA HOUSE",MANDJTMP
"OPP HSE 300",MANGJWTM
"OPTIMUM HOUSE",MANGJGAD
"SEALAND HOUSE",MANDTPAW
"HOUSE 327",MANDTMWJ
"BURY OLD ROAD",
"BURY OLD ROAD",
"PROPERTY 318",MANGJWPT
"HOUSE 39",MANGJWPM
"BROADBENT CLUB",MANAPTWT
"Orchard Rd (Ebd)",
"Orchard Rd (Wbd)",
,MANPMTAP
"ROCHDALE RD E",
"Orchard St (S bnd)",
"ROCHDALE RD E",
"HOUSE 55",MANPJWPM
"BROWFIELD AVE",
"HEALTH CENTRE",MANTGMDT
"HEALTH CENTRE",MANGJGMP
"ORDSALL HALL",MANGMJTA
"SUB STATION",MANGMJTD
"MT CARMEL CRT",MANGMJPJ
"SHELL PETRL STN",MANGMPAW
"BUSINESS PARK",MANJAWMJ
"BOWLING GRN",MANJAWMG
"HOUSE 75",MANPJAMJ
"BEACON HOUSE",MANPATJT
"Orlando Street (to define route)",
"Orlando Street (to define route)",
"SMITHY BRIDGE",MANPJDGD
,MANPTDGP
"HOUSE 2A",MANPTWPG
,MANTGTMP
ALDI,MANPTDGT
"STATION AVENUE",
"COUNCIL OFFICES",MANPTGDJ
HAIRDRESSERS,MANPTGDM
"POLICE STN",MANPTGDA
"HOUSE 15",MANPTGDG
,
"HIGHWAYS DEPOT",MANPTWGW
"RAIL STATION",MANPTGMT
"RAIL STATION",MANPMWTM
"SANDY LANE",
"HOUSE 37",MANPTGPA
"WATER PARK",MANTGMWT
"Orrishmere Rd (Sbd)",
"HOUSE 163",MANJADAG
"HOUSE 3",MANGWMTM
PARK,MANGWJTW
PARK,MANGWJWA
"SPARE GROUND",MANTDGPJ
,MANJGWJP
"O/S HOUSE 29",MANAMDTJ
"HOUSE 153",MANAMDTG
"HOUSE 140",MANTDPJD
"HOUSE 35",MANJAMPM
"OSBORNE ROAD",
"OSBORNE ROAD",
"OSBORNE ROAD",
"OSBORNE ROAD",
FLATS,MANDJPAW
"OSBORNE HOUSE",MANDJPDA
"HOUSE 38",MANTDGPM
,MANPJWTW
,MANPJWTP
"HOUSE 41",MANDTMTG
"HOUSE 54",MANDTMTD
"CHESHIRE CHEESE",MANADJAT
"PROPERTY 506",MANJDJDT
"HOUSE 86",MANDTJGA
"HOUSE 84",MANDTJGD
LAUDERETTE,MANAMJWM
"OPP HOUSE 227",MANAMJWJ
,MANTJAMT
"VALE ROAD",
"VALE ROAD",
"OULDER HILL SCH",MANDWAJW
"OULDER HILL SCH",MANTWJTG
"OULDER HILL SCH",
"Oulder Hill Upper School",
"Oulder Hill Upper School",
SCHOOL,MANGAWPJ
"ALWORTH ROAD",
"ALWORTH ROAD",
"HAIGH ROAD",
"HAIGH ROAD",
"JOHNSON STREET",
"JOHNSON STREET",
"RINGWAY RD WEST",
"Outwood Lane (Nth - def rte)",
"RINGWAY RD WEST",
"RINGWAY RD WEST",
"RINGWAY RD WEST",
,MANDTGDG
"HOUSE 32A",MANDTGDJ
"HOUSE 20",MANPJPMG
"Overdale (Parkfield School)",
"Overdale (Parkfield School)",
"Overdale Rd (SWbd)",
"HOUSE 89",MANTGTJG
SHOP,MANGAGMD
"UNI CAMPUS",MANADWGT
FARM,MANPMPGW
FARM,MANPMPJA
"REDSHAW CLOSE",
"HOUSE 451",MANDPJPM
"HOUSE 96",MANPJWAW
"HOUSE 111",MANPJWAT
"HOUSE 24",MANPDGAW
"OXBURGH RD",
"OXBURGH ROAD",
"HOUSE 70",MANJGMTG
"HOUSE 81",MANJGMTJ
"Oxford House",MANTWTDT
"OLD FOLKS HOME",MANAWGAP
"TENNIS COURTS",MANAWGAT
"LOWER PARK ROAD",
"JOHN DALTON SQ",MANTGATJ
UNIVERSITY,MANGPWTM
HSBC,MANGPGPG
"Oxford Rd Station Approach(to def route)",
"PALACE HOTEL",MANGPJMT
"OXFORD RD RAIL",MANGPTMD
REVOLUTION,MANGPJMW
"PALACE HOTEL",MANTWTDW
"RAIL STATION",MANGPMAM
"HOUSE 94",MANAJTJW
MCDONALDS,MANGPGMP
"HOUSE 197",MANAMDTW
"PALACE THEATRE",MANTPATD
"ATHOL STREET",
"ATHOL STREET",
"PUBLIC HOUSE",MANAWDPM
"HOUSE 17A",MANDGAPA
"PADBURY WAY",
"PADBURY WAY",
"THE ROCKET PUB",MANPADMT
"HOUSE 40",MANJWMAJ
"HEALTH CENTRE",MANGMTPJ
"LILAC COURT",MANGMTPM
"CROSS COTTAGE",MANJTWTD
"PADDOCK LANE",
TOWNFIELD,MANJTWTA
"Paddock Lane (NE bnd)",
"Paddock Lane (SW bnd)",
"Paediatric Unit (Nth bnd)",
,MANDMDTP
"HOUSE 179",MANGPWMT
PARK,MANGPWMP
PAINTWORKS,MANJTPMD
"VICTORIA HOUSE",MANJTPTG
"HOUSE 156",MANDAGTW
"CEDAR PARK",MANDAGTP
"QUEENS ROAD",
"PALACE ROAD",
"QUEENS ROAD",
"PALACE ROAD",
"LEECH AVENUE",
"RIBBLE DRIVE",
"WALMERSLEY ROAD",
"RIBBLE DRIVE",
"Palatine Drive (W bnd)",
"BROOMFIELD CRT",MANGWGWJ
"HOUSE 52",MANGWGWG
SHOP,MANGTAWD
"NEWBOLD TYRES",MANGAGJD
"SANDWICH BAR",MANGAGJA
FLATS,MANADWTD
"AMMONS WAY",
"AMMONS WAY",
"HOUSE 451",MANAWDMG
"HOUSE 101",MANAWTPA
"HOUSE 448",MANDAPDM
"Palma Avenue (to define route)",
"Palma Avenue (to define route)",
WAREHOUSE,MANATJDJ
"INDUSTRIAL EST",MANATJDM
,MANADTMD
BRIDGE,MANADPJP
"GURNEY STREET",
"GURNEY STREET",
"HOUSE 570",MANPDWDT
"PARAGON HOUSE",MANJTDTP
"NORTH STAGE",MANGJGPD
"SOUTH STAGE",MANGJGPG
,MANPTMJG
"HOUSE 87",MANTDGTJ
"PARKISH HALL",MANTGPMA
"WAR MEMORIAL",MANPMPDP
"BROAD OTH LANE",
"PARK AND RIDE",MANTWMPJ
"PARK AND RIDE",MANTWMPM
"HOUSE 39",MANAMAPJ
"HOUSE 21",MANADTJD
"HOUSE 12",MANAWJAT
"HOUSE 55",MANAMAPG
"Park Ave (Nth Bd)",
"PARK AVENUE",
PARKGATE,
"HOUSE 95",MANDAJDT
"HOUSE 9",MANPWTPT
"HOUSE 38",MANGMAWP
"HOUSE 10",MANDGJDW
"SUB STATION",MANGMAWT
"PARK FARM",MANDPDTJ
"HOUSE 211",MANDPDTM
"HOUSE 21",MANPDAJT
"HOUSE 20",MANJWGTD
"PARK HOUSE HALL",MANJTMPA
"ST MARY'S DRIVE",
"Park Lane",
"ST MARY'S DRIVE",
"SWINTON PARK RD",
"Park Lane",
"SWINTON PARK RD",
"HOUSE 1",MANDTWJM
,MANATJPA
,MANDPAJP
"HOUSE 396",MANTDJTP
SHOPS,MANDTWJP
"HOUSE 738",MANATJPD
FLORISTS,MANAPTAD
"PUBLIC HOUSE",MANAPTAG
"SCHOOL FIELD",MANDPAJM
"BUILDING 431A",MANTDJTM
FLATS,MANAMGJW
"KIDS PLANET",MANGPDTW
"PARK HOTEL",MANPTGWM
"Park Parade (to define route)",
"Park Parade (to define route)",
"Park Parade (to define route)",
BANK,MANDJPTM
"GREEN QUARTER",MANDJPTJ
"HOUSE 86",MANPWPWD
"HOUSE 93",MANPJTMA
"POLICE STATION",MANDGJDG
"HOUSE 114",MANTJAJA
"HOUSE 82",MANGWJGD
"HOUSE 85",MANGWJGJ
,MANDGJDM
"HOUSE 78",MANPWPWG
"HOUSE 109",MANPMJDW
"DILBAR'S",MANPMJPG
SUPERMARKET,MANPWTAP
,MANPMWTD
"HOUSE 174",MANGPDTA
"STONEPAUL CT",MANJDTWP
"HOUSE 55",MANGMGDJ
"PORTLAND ROAD",
"THIRD AVENUE",
"PARK ROAD",
"GLENMAY COURT",MANJMPTM
"WOLF GRANGE",MANJTAGW
"HOUSE 1",MANJPMWM
"PARK LANE",
"THIRD AVENUE",
"HOUSE 275",MANJPWPG
"WESTLIEGH DR",
"Park Road",
"BOLTON SCHOOL",MANPDAMG
"WINDERMERE AVE",
"Park Road",
"HOUSE 148",MANJMPJG
"PARK LANE",
"PARK ROAD",
"Park Road",
"Park Road",
"PARK ROAD",
"JUNIOR SCHOOL",MANPDAMD
"HOUSE 16",MANPDAGP
"Park Road",
"WINDERMERE AVE",
"HOUSE 157",MANJMPMD
"HOUSE 2",MANJWAPA
"HOUSE 152",MANJWAPM
"HOUSE 125",MANJWAWJ
"Park Road",
NONE,MANTDWAG
NONE,MANTDWAJ
"POLICE STATION",MANTDTWT
NONE,MANTDWAD
"OPP LEISURE CTR",MANTDWAM
"PARK WINES",MANAWPGT
"HOUSE 14",MANAWPGP
"RESOURCE CENTRE",MANTMWJT
"KENSINGTON CT",MANGPDJD
TESCO,MANAWPTJ
"O/S HOUSE 9",MANAPMTW
"HONEYSUCKLE PUB",MANPTPGA
"DENTISTS OPP",MANAPJTJ
"LABOUR CLUB",MANAWPTG
"Park Street",
"Park Street",
"HOUSE 142",MANAMADT
"PARK VIEW",
"PARK VIEW",
"PARK VIEW",
"PARK VIEW",
"HOUSE 17",MANJDTPT
"PARK VIEW",
"THE TERRACE",MANDTPMP
"HOUSE 14",MANDTPMJ
HSS,MANJPJPG
"HOUSE 126",MANTMPJM
,MANTMPJP
"H S S",MANJPDWM
"Park Way (Nbd - to def route)",
"Park Way (Sbd - to def route)",
"Park Way (Wbd - to def route)",
"Park Way (Wbd - to def route)",
,MANDPDTP
,MANDPDTW
"Parker St",
PARKGATE,
"Parkfield Avenue",
"Parkfield Avenue",
CHURCH,MANGWGWM
"BELGRAVE ROAD",
"BELGRAVE ROAD",
"HOUSE 302",MANAWTJD
"HOUSE 317",MANAWTJA
"Parkgate Drive",
"PRESTBURY ROAD",
"Parkgate Drive",
"PRESTBURY ROAD",
"HOUSE 240",MANDPGPA
"MARKET STREET",
"MARKET STREET",
"HOUSE 23",MANAGJDW
"Parkhouse St (Sbnd)",
"Parkhouse St (Wbnd)",
"Parkhouse Street",
"Parkhouse Street",
PARK,MANAGJPJ
"HOUSE 214",MANAGJPM
"KENDREW WALK",MANDMDMJ
"DALBEATTIE ST",
"PARKSIDE HOTEL",MANGTPWD
"PARKSIDE HOTEL",MANGTPWA
CLUB,MANJAMWJ
"FINNINGLEY ROAD",
"Parksway (Nth bnd)",
"FINNINGLEY ROAD",
"HEYWOOD ROAD",
"HEYWOOD ROAD",
"HOUSE 217",MANGTAJD
"HOUSE 214",MANGTAJA
"HOUSE 42",MANJWTGD
"FREIGHT YARD",MANTMWTG
"TEXACO GARAGE",MANJDPTJ
PARKFIELD,
PARKFIELD,
"Parkway (NEBnd)",
"PARK AVENUE",
"Parkway (SEBnd)",
"Parkway (STHbnd)",
"Parkway (SWBnd)",
"KINGDOM HALL",MANGTATG
"HOUSE 142",MANDPGJW
"HOUSE 137",MANDPGMD
"N W PLASTICS",MANTAJMA
FACTORY,MANTAJGW
"SUNNYBANK ROAD",
"HOUSE 2",MANDMWDP
"THE VICARAGE",MANDMPMG
"HOUSE 1",MANDMWDT
"FITNESS FIRST",MANTMWJW
SCHOOL,MANDMJMA
SCHOOL,MANDMJGJ
SCHOOL,MANDMJGM
SCHOOL,MANDMJGT
"NR HIGH SCHOOL",
"NR PARRATHORN",
"HIGH SCHOOL",MANDPDAW
SCHOOL,MANDPDGA
NEWSAGENTS,MANGMDPT
CINEMA,MANGTAMW
CINEMA,MANTGDJM
CINEMA,MANTGDJG
CINEMA,MANTGDJD
CINEMA,MANGTAMP
CINEMA,MANGTAMT
"PARRS WOOD CRT",MANGWGTJ
"HOUSE 214",MANGTADA
"ST CHADS CHURCH",MANGTADT
"RAILWAY BRIDGE",MANTMWTA
"MAYBROOK HOUSE",MANDJMJD
,MANTJAGD
"HOUSE 521",MANPJTMD
"ATHERLEIGH WAY",
"ATHERLEIGH WAY",
"HYDE ROAD",
"MAULDETH ROAD",
"HYDE ROAD",
"PARSONAGE ST",
"PARSONAGE ST",
"SUB STATION",MANTWJTJ
"PASSMONDS HSE",MANGDWDA
"HOUSE 284",MANGDWDG
HOTEL,MANAGDWP
"OPP CAR PARK",MANADAWA
"SHAWCLOUGH ROAD",
"SHAWCLOUGH ROAD",
"DUFFINS CLOSE",
"DUFFINS CLOSE",
"CROMWELL ROAD",
"HOUSE 6",MANGMDGM
CANAL,MANGMDGP
"PROPERTY 331",MANGJWGW
"CAR PARK",MANGJWJA
,
"HIGH SCHOOL",MANGMDGA
"RAILWAY STATION",MANGMDAW
,MANGPAPG
"HAMPSONS BAKERY",MANTJTGW
"PRIMARY SCHOOL",MANPADJD
"HOUSE 89",MANPADJG
"HOUSE 403",MANTMWPT
"O/S SCHOOL",MANAPTPT
"Paulden Dr (Nbnd)",
"CLOUGH RD",
"HOUSE 27",MANPJAPJ
"HOUSE 44",MANPJAPM
"ROCHDALE ROAD",
"ROCHDALE ROAD",
"PEACE STREET",
"WELFARE OFFICE",MANAJGAG
"TAW GARAGE",MANAJGAJ
"HOUSE 23",MANTGWAG
"HOUSE 22",MANPWTWG
"PEAK AVENUE",
"HOUSE 14",MANJDTPD
"HARTFORD MILL",MANAMDGA
"HARTFORD MILL",MANAMDAW
"HOUSE 13",MANTAJGD
"HOUSE 20",MANTGMAG
"HOUSE 501",MANGTJDM
"HOUSE 486",MANGTJDJ
"HOUSE 135A",MANDJDWG
,MANDJDWD
,MANDJPDM
"EAGLE AND CHILD",MANDPDMJ
"HOUSE 78",MANDPDPM
"HOUSE 1",MANDPDPJ
"SUB STATION",MANDPDMP
"PEEL BROW",
"PEEL BROW",
FACTORY,MANJPJMW
"HOUSE 5",MANADWTM
"MEDICAL CENTRE",MANADPMW
"HOUSE 624",MANGJWGJ
CAFE,MANGJWGM
,
,
,
,
ROWLANDSWAY,
"HOUSE 76",MANTAJAP
"SCHOOL FIELDS",MANTAJAM
"CONCORDE OFFICE",MANGTDJM
"HOUSE 3",MANGTDJP
"RAILWAY ST WEST",
"RAILWAY ST WEST",
"HIGHER GREEN LA",
"BANK TOP STREET",
"BANK TOP STREET",
"HOUSE 118",MANTPTPW
"HOUSE 20",MANGDGJA
CAFE,MANAWPMJ
,MANDAWGT
FLATS,MANDAWGW
"LWR MONTON RD",
"Peel Street (to define route)",
WOODFIELDS,
"RAILWAY BRIDGE",
WOODFIELDS,
"RAILWAY BRIDGE",
"HOUSE 61",MANDPTDP
PHARMACY,MANATJMT
"TELEPHONE BOX",MANATJMW
"ENFIELD STREET",
CHURCH,MANTGMJP
CLINIC,MANPWGWG
,
,
"WESLEY STREET",
"HOUSE 204",MANTGPTD
"PEMBERTON STN",MANPTMAM
"METHODIST CH",MANPTMAW
"RAILWAY HOTEL",MANPTMAP
"WHITE MOSS ROAD",
"WHITE MOSS RD",
"HOUSE 60",MANDMTJA
"HOUSE 89",MANDMGDT
"RADCLIFFE ROAD",
,MANPTJMP
SCHOOL,MANAJPJD
"HOUSE 48",MANPAMTW
"PENDLE HOUSE",MANDGTPW
"HOUSE 228",MANDGTDM
"HOUSE 251",MANDGTDT
"PENDLE ROAD",
"PENDLE ROAD",
"HOUSE 136",MANDGTDP
"Pendle Road (to define route) opp EH4347",
"HEALTH CENTRE",MANPJPAM
"HOUSE 678",MANPJPAP
"CHRIST CHURCH",MANPJPAG
"BRITISH LEGION",MANPJPAJ
"HANKINSON WAY",
"HANKINSON WAY",
"CHURCHILL WAY",
"Pendleton Bus Station",
"Pendleton Bus Station",MANGPGJD
NEWSAGENTS,MANGMWAM
"HOUSE 20",MANGMWDM
CHURCH,MANGPAWG
,MANGMWDP
"PENDLETON HOUSE",MANGPAWJ
"TRENANT ROAD",
"BUILE HILL PARK",MANGMPMJ
"TRENANT ROAD",
"VISUAL ARTS COL",MANGMPMG
"OS BOOKIES",MANGMTMG
PRECINCT,MANGMTMP
"OP OPENLAND",MANGMTMJ
"NR CARPARK",MANGMTMT
"SHOPPING CENTRE",MANGMTMD
"Pendleton Way (Northbound)",
"HOUSE 319",MANPDJGM
"HOUSE 358",MANPDJGJ
SHOPS,MANAGMWP
"HOUSE 193",MANAGMWM
"HOUSE 174",MANJAPWJ
"HOUSE 195",MANJAPWM
"Penn Street (to define route)",
"HOUSE 127",MANAJPAP
"SANDRINGHAM DR",
"Pennine Dr (W bnd)",
"SANDRINGHAM DR",
"PENNINE DRIVE",
"MOORLAND AVENUE",
"HOUSE 33",MANJGMWJ
"HOUSE 320",MANJGMWG
"HOUSE 53",MANJGMTM
"HOUSE 48",MANJDTJT
"HOUSE 213",MANAPMWJ
"HOUSE 93",MANAPMWD
"BETHANY CHURCH",MANTDGJW
"FIRS COTRAGE",MANTAPMA
"HOUSE 145",MANTAPMD
"HOUSE 61",MANTATMP
"PENNINGTON H'SE",MANTATMJ
,MANPTPWM
,MANPTPWP
"HOUSE 163",MANTDAGA
PARK,MANTDAGD
FLATS,MANATWMW
"HOUSE 287",MANPMJWD
"HOUSE 344",MANPMJWG
"PEPPER LANE",
TERMINUS,MANGAMPT
WOODSIDE,
"BOWLING GREEN",MANDPTAD
"WORKS UNIT",MANDPMWT
"HOUSE 340",MANTDGWM
"HOUSE 361",MANTDGWJ
,MANJDMWD
"HOUSE 233",MANDTMGD
"HOUSE 224",MANDTMGJ
"HOUSE 1",MANAPMPW
"HOUSE 79",MANAPMPT
,MANGJGTJ
"GT NORTHERN SQ",MANGPTPD
,MANPGDGA
"HOUSE 744",MANPGDGD
"ASHLEY HOUSE",MANJPTPW
"HOUSE 33",MANJAWJP
,MANJWJPA
"HOUSE 2",MANPTPTM
"HOUSE 3",MANPTPTP
"OLD PEOPLES HME",MANAMPJD
"PLAYING FIELDS",MANGJPGM
"HOUSE 87",MANGJPGP
,MANJWTDP
"HIGH SCHOOL",MANDPAJT
"HOUSE 18A",MANDPAJW
"GAS WORKS",MANAGTMA
CEMETERY,MANAGTMD
GARAGE,MANAGTMG
PARK,MANAGTJP
"OASIS ACADEMY",MANGMJWG
,MANGMJWT
"HEALTH CENTRE",MANGMJWD
"CARPET RIGHT",MANGMPAD
,MANGMWPD
"PUBLIC HOUSE",MANAGTPM
"HOUSE 5",MANAJGTW
"HOUSE 120",MANAGTPT
"BARTON SQ",MANTMTAT
"BARTON SQUARE",MANTMTAP
GARDENS,MANGPGMW
"LOADING BAY",MANGPTJP
"AGE UK",MANTWTGT
"CLOTHES SHOP",MANTMTGM
"WELLINGTON ST",
"WELLINGTON ST",
"DUCIE STREET",
"Piccadilly Bus Station",MANGPGJG
"Piccadilly Bus Station",
"OLDHAM ST",
"PICCADILLY BUS STATION",
"PORTLAND ST",
"PORTLAND ST",
"PORTLAND ST",
"PICCADILLY GARDENS",
PLAZA,MANGPJAW
PLAZA,MANGPJTA
PLAZA,MANGWPDW
NOBLES,MANADAPG
PLAZA,MANGWPDT
PLAZA,MANGPJTD
BANK,MANADAWP
PLAZA,MANGWPGA
PLAZA,MANGPJWJ
PLAZA,MANGPJAJ
,
,
"PORTLAND STREET",
"P'CADILLY PL",MANADATM
"DUCIE STREET",
SUBWAY,MANTGDJA
"PICCADILLY STN",MANAGDMA
,
,
,
,
"LONDON ROAD",
"LONDON ROAD",
OFFICES,MANADJAJ
"RAILWAY BRIDGE",MANAJAPD
"TAXI RANK",MANAJAPG
BRIDGE,MANTMTAJ
"THE ANGEL PUB",MANAWGMJ
"DUKINGFIELD PK",MANAWGMG
CLINIC,MANTGAGP
"HOUSE 201",MANPGPTM
"BARTON ROAD",
"ALBERT ROAD",
"BARTON ROAD",
"ALBERT ROAD",
"PUBLIC HOUSE",MANTWPTW
SUBSTATION,MANTWPDM
,MANDTWTG
,MANDTWTJ
"HOUSE 28",MANPGDJT
,MANPGDJP
"Pilgrim's Way",
"CHARLESTOWN RD",
"HOUSE 14",MANDTDGT
"TURKS ROAD",
"CHARLESTOWN RD",
"PILKINGTON ROAD",
"TURKS ROAD",
"PILKINGTON ROAD",
FACTORY,MANTGMGD
FACTORY,MANTGAJM
FACTORY,
"Pilkingtons Tile Works (Clifton Jctn)",
"Pilkingtons Tile Works (Clifton Jctn)",
"PILSWORTH ROAD",
"SALVATION ARMY",MANGDGDT
"POST OFFICE",MANGDGDW
"PILSWORTH ROAD",
"PILSWORTH ROAD",
,MANDMJPD
CHURCH,MANDMGTJ
"HOUSE 235",MANDTDTA
"Pimlott Rd (corner nr.Hall ith'Wood stn)",
"Pimlott Rd (corner nr.Hall ith'Wood stn)",
"Pimlott Rd (corner nr.Hall ith'Wood stn)",
"PIMLOTT ROAD",
"PIMLOTT ROAD",
"HOUSE 17",MANJWMDA
"NEWQUAY DRIVE",
"HOUSE 203",MANDGMTP
CHURCH,MANAWPMG
"HOUSE 67",MANDGJMJ
CEMETERY,MANATMDT
CHURCH,MANATMDP
,MANPTMGT
WOODS,MANPTMGW
OFFICES,MANJDGMA
"BULDING 153",MANTDTAW
"BUILDING 153",MANTDTAT
"PINFOLD SCHOOL",MANDGDJD
"HOUSE 94",MANJAGWD
"HOUSE 97",MANJAGWA
"THE LONGSIGHT",MANAGJTG
SCHOOL,MANAGJTJ
"HOUSE 121",MANTGJTP
"HOUSE 122",MANADAWM
NEWSAGENTS,MANAJGDJ
"SUB STATION",MANAJGDM
"HOUSE 21",MANAGWGM
"Piper Hill",
"Piper Hill",
"HOUSE 45",MANJWMDG
"HOUSE 20",MANPDPGM
"WESTINGHOUSE RD",
"ASHBURTON RD W",
"PLANK LANE",
"PLANK LANE",
,MANTPGJG
,MANTPGJD
"BUILDING 260",MANTDGAG
"HOUSE 261",MANTDGAJ
"HIGH SCHOOL",MANDJTAT
"CLUB HOUSE",MANDMAMP
"HOUSE 174",MANDMAMT
BUTCHERS,MANDJTGA
"PRIMARY SCHOOL",MANPTMPM
"PUBLIC HOUSE",MANJAMJG
PLATTCROFT,
PLATTCROFT,
"HOUSE 130",MANADWMP
"PLATT CT",MANADWGA
"HOUSE 196",MANTAWTJ
"HOUSE 173",MANTAWTM
RIVERSMEAD,
RIVERSMEAD,
"FERNHILL AVENUE",
"FERNHILL AVENUE",
SCHOOL,MANGTWAJ
"Platt Lane (Ebnd)",
"GOLBORNE PLACE",
"WRENALL'S FM LA",
"WRENALL'S FM LA",
"SPORTS GROUND",MANADWMJ
ALDI,MANGTPWM
"SPORTS GROUND",MANGTPWT
"HOUSE 35",MANGTWAG
"HOUSE 226",MANPGJDW
"GRAMMAR SCHOOL",MANGTPAP
"PLATT HALL",MANADWGD
"HOUSE 166",MANGTDMA
"GRAMMAR SCHOOL",MANGTPAT
,MANDGTPT
"CLAREMONT HSE",MANGTPJD
PARK,MANGTPJG
"PLAYING FIELDS",MANGTMTM
"PLAYING FIELDS",MANJWJWM
,MANPMTMA
"HOUSE 224",MANJWJWJ
FLATS,MANDGMJA
RESTAURANT,MANDGMGW
"HOUSE 129",MANGMGPA
"CAR WASH",MANTPTGT
"PLODDER LANE",
"AMBULANCE ST",MANJWJPG
"PLODDER LANE",
,MANPGTJD
"HOUSE 370",MANPGTMD
"HOUSE 387",MANPGTMG
,MANPGTJG
"HOUSE 811",MANPGMGT
"PUBLIC HOUSE",MANPWMWT
"PUBLIC HOUSE",MANPWPAD
"PLOVER DRIVE",
"HOUSE 68",MANGPWMD
"HOUSE 75",MANGPWMA
"HOUSE 150",MANJGDGP
"HOUSE 154",MANJGDGM
"ARLEY AVE",
"ARBOUR CLOSE",
"ARLEY AVE",
"ARBOUR CLOSE",
"Plumpton Drive (SW bnd)",
"PUBLIC HOUSE",MANADTGP
"YOUTH CTR",MANADTAW
"HOUSE 14",MANADTDG
"DAISY HILL",MANADTGM
,MANPMDJG
"HOUSE 188",MANTDGDT
"KIRKUP GDNS",MANGTGDM
"PODSMEAD RD.OPP",
SHOPS,MANJAGTW
"PUBLIC HOUSE",MANJGAWT
"PUBLIC HOUSE",MANJGAWP
"HOUSE 2",MANJDMWT
"POLEFLD HALL RD",
"POLEFLD HALL RD",
"POLEFIELD CIRCL",
"POLEFIELD CIRCL",
"POLEFIELD GROVE",
"POLEFIELD GROVE",
"NURSING HOME",MANAGATG
"NURSING HOME",MANAGATJ
"HEYWOOD ROAD",
"Polefield Rd (S bnd)",
APARTMENTS,MANGMDGJ
"FIRE STATION",MANGMDGD
"POLICE STATION",MANGTJGD
"POLICE CAR PARK",MANGAWMJ
"POLICE STATION",MANTAPGP
"HOUSE 6",MANGDWPM
,MANPJTWD
"POLICE STATION",MANTAPGM
"HOUSE 83",MANDGTPA
"GLOBE PUB HSE",MANPWMJD
"WRTHINGTON PARK",MANPJTWA
"POLICE STATION",MANDGTDA
"POLICE STATION",MANPWMJG
"HOUSE 41",MANGDWPT
"PUBLIC HOUSE",MANAGTDW
"CLIFF AVENUE",
"CLIFF AVENUE",
"HOUSE 100",MANTMTDG
"SHEPWAY COURT",MANTMTDJ
POMONA,
,
,
"POMONA STRAND",
"POMONA STRAND",
"FINISHERS ARMS",MANPAWAT
"CRICKET CLUB",MANPAWAP
"POOLSTOCK LANE",
"HOUSE 628",MANPWAJP
CHURCH,MANPWGPW
"HOUSE 2",MANPTMWJ
"HOUSE 96",MANPWDPG
"POOLSTOCK LANE",
"BEECHWOOD AVE",
"TIMBER CENTRE",MANJMJGD
NEWSAGENTS,MANJMJGJ
"HOUSE 6",MANJMJGA
"POPLARS ROAD",
"GUEST ROAD",
"GUEST ROAD",
"FAIRFAX ROAD",
"FAIRFAX ROAD",
"Poppythorn Lane (S bnd)",
,MANDGDAG
"FLATS 83-85",MANDGDAJ
"GRIFFIN CLOSE",
"GRIFFIN CLOSE",
"LEISURE CENTRE",MANGMJMG
"HOUSE 261",MANGMJMJ
"PORT STREET",
"BRIDGEFIELD ST",
"BRIDGEFIELD ST",
125,MANTGAPJ
"HOUSE 74",MANGMGDM
"WINCHESTER ROAD",
WEATHERSPOONS,
STATUE,MANTJTJW
WETHERSPOONS,MANTWMJM
"HOUSE 347",MANPTDMT
"HOUSE 366",MANPTDMW
SUPERMARKET,MANADAWG
"HOUSE 267",MANAWJWM
,MANAWJWP
"ST MARKS",MANGTGWD
"LEISURE CENTRE",MANGTGMP
PLAYGROUND,MANGTJDW
"HOUSE 290",MANGPGWJ
"FOXFAIR COURT",MANGTJGA
"LEISURE CENTRE",MANGTGMT
"MOT CENTRE",MANGTGWG
NEWSAGENTS,MANPAWGW
"HOUSE 152",MANDMTAP
"DENTAL SURGERY",MANAMAPA
"KENDAL DRIVE",
"BAY HORSE PUB",MANDGPWA
"BETTING SHOP",MANDGTMD
"MILES BAKERY",MANDMPJM
"HOUSE 256",MANGAWPD
"TESCO EXPRESS",MANGAWPG
"POST OFFICE",MANDTJWP
CHEMIST,MANAWPJG
"COMMUNITY CNTR",MANTWAPG
"RETAIL UNITS",MANADWAJ
"POST OFFICE",MANJWTPM
"POST OFFICE",MANAGMPA
"POST OFFICE",MANJDGDM
SUPERMARKET,MANPTWPJ
"HOUSE 155",MANGMAJA
SHOPS,MANAGMJW
BARCLAYS,MANTMWMT
"SHOPPING AREA",MANJMGPW
PARK,MANGMAJD
"HOUSE 148",MANGMWTM
BARBERS,MANPAWGP
"POST OFFICE",MANDMAJA
SPAR,MANAWMJD
"HOUSE 136",MANJMGTA
"KENDAL DRIVE",
"HOUSE 122",MANAMAPD
"KUMAR N/AGENT",MANPATPA
"POST OFFICE",MANPAWGT
CHURCH,MANAJAJP
"TELEPHONE BOX",MANAJAJT
"GT JONES STREET",
"GT JONES STREET",
"CAR SHOWROOM",MANAGAJW
"HEALTH CENTRE",MANAJATW
FLATS,MANAGPGJ
FLATS,MANAJDPJ
"CANAL BANK OFFS",MANPTWJD
,MANPTWJG
"POUNDSWICK LANE",
"HOUSE 207",MANGWPAW
"GLADESIDE ROAD",
"POUNDSWICK LANE",
"WATER STREET OP",
"WATER STREET",
ADIDAS,MANJMWJG
WAREHOUSE,MANJMWPW
"COMMUNITY CTR",MANPMWJT
"HOUSE 44",MANTDGTA
"HOUSE 3",MANTDGTD
FLATS,MANADPWP
"HOUSE 84",MANTDMTP
"HOUSE 93",MANTDMTM
"DENTON GROVE OP",
"HOUSE 32",MANPTJGT
"HOUSE 3",MANPWTDM
"HOUSE 20",MANDPGTD
"HOUSE 70/72",MANDPGTA
"ASHWORTH LANE",
"HOUSE 223",MANPAJAG
"ASHWORTH LANE",
"HOUSE 69",MANDMTPA
"HOUSE 72",MANDMTPD
,MANDTGJP
"HOUSE 359",MANDTGJT
"HOUSE 3",MANPMTGP
"POST OFFICE",MANPMPAD
"HOUSE 2",MANPMPAG
SUPERMARKET,MANPTADA
"PRESTON ROAD",
"NURSING HOME",MANAJDWT
"NURSING HOME",MANAJGAD
,
,
"RECTORY LANE",
"POPPYTHORN LANE",
"EAGLE NEST WOOD",MANTWAGD
,MANTDTWD
"POPPYTHORN LANE",
"POPPYTHORN LANE",
GARAGE,MANTADWP
"HOUSE 140",MANTADWT
"BURY NEW ROAD",
"BURY NEW ROAD",
"HOUSE 479",MANGDMGW
"WORKS UNIT",MANGDMGT
Prickshaw,
Prickshaw,
"ATHERLEIGH WAY",
"ATHERLEIGH WAY",
"CRICKET GROUND",MANAMWJM
"PRIMARY SCH",MANADPJG
"HOUSE 56",MANDGTJP
"HOUSE 294",MANAJWTG
"PRIMARY SCHOOL",MANPGDTM
SCHOOL,MANPMAGW
SCHOOL,MANGAMPA
"HOUSE 100",MANPWPDP
"HOUSE 36",MANGMGMA
SCHOOL,MANDGPWP
"PRIMARY SCHOOL",MANAJWTD
SCHOOL,MANJMJAM
,MANPJGTD
,MANPJDMG
"HOUSE 18",MANTGWTG
SCHOOL,MANPWPDM
"PRIMARY SCHOOL",MANPJDMD
SCHOOL,MANPGDTP
SCHOOL,MANPGMDW
SCHOOL,MANJMJAJ
SCHOOL,MANJATJA
"PRIMARY SCHOOL",MANTDPDT
"Gloucester Road/Primary School",
SCHOOL,MANJWJAD
SCHOOL,
,MANJWJAG
"HOUSE 291",MANTDPDP
FLATS,MANAMPAW
"HOUSE 127",MANTGPJA
"HOUSE 107",MANDGPDP
"HOUSE 134",MANPJTMT
"WELL MEADOW LA",
"DAFFODIL ROAD",
"PRIMROSE AVE",
"WELL MEADOW LA",
"DAFFODIL ROAD",
"CAR GARAGE",MANATJAG
,MANATJAJ
,MANGJMDJ
"HOUSE 18",MANPMDMW
"HOUSE 190",MANPMJTP
"PROPERTY 190",MANGAPWD
,MANGAPWG
MILL,MANAJPMT
"CAR PARK",MANDWPMD
,MANPGAPD
"QUEEN'S ROAD",
"QUEEN'S ROAD",
"MORSON PROJECTS",MANGJTPT
"HOUSE 66",MANGJTPW
"HOUSE 112",MANPWPAM
,MANPWATG
NURSERY,MANGDJGT
"HOUSE 117",MANGDJGW
,MANGWPDP
,MANGWJTP
,MANGWPDM
CEMETERY,MANGWDJM
"HOUSE 81",MANPWPJW
"HOUSE 12",MANPWGJA
"HOUSE 188",MANGTMPJ
"OLD BURIAL GRD",MANGPTJA
"ON TRFFIC ISLND",MANGPMGJ
BREWERY,MANGPMTD
"WINDSOR HOUSE",MANGWAPA
"S/TH CEMETERY",MANTWJPA
SIEMENS,MANGPTGD
SHOPS,MANGWAWT
HOTEL,MANGWDJP
"CHORLTON LODGE",MANGPMGT
"OLD BUS DEPOT",MANGTGJD
SCHOOL,MANGTMPM
"FIRE STATION",MANGTPGD
BREWERY,MANGTPGM
"HOUSE 32",MANPWPMA
FLATS,MANGTGDT
CEMETERY,MANTWJPD
BREWERY,MANGPMPW
"Princess Rd (S bnd)",
"STRETFORD ROAD",
"STRETFORD ROAD",
"LADYSMITH AVE",
"Princess Road",
"HOUSE 155",MANJPAGP
"Princess Road",
"HOUSE 162",MANJPAGM
"Princess Road (N bnd)",
"LADYSMITH AVE",
"Princess Road (to define route)",
"Princess Road (to define route)",
"HOUSE 149",MANAWMAT
"HOUSE 297",MANATWGM
OFFICES,MANADTMA
"IBIS HOTEL",MANGPWDA
"HOUSE 10",MANJTWJA
"HOUSE 15",MANJTPJG
"HOUSE 3",MANGPTGP
"PRINTERS ARMS",MANAMTPT
"PRINTERS ARMS",MANAMTPW
PRINTWORKS,MANDJMGP
"HOUSE 296",MANTPGAG
"HOUSE 294",MANTPGAJ
"PRIORY HOUSE",MANJGJAP
"CAR PARK",MANJGJAM
"Priory Road",
PROCTOR+GAMBLE,MANJMWAT
"HOUSE 19",MANATGPA
"GREAVES AVENUE",
"GREAVES AVENUE",
"HOUSE 55",MANPWMJM
"HOUSE 56",MANPWMJP
,MANPDPTA
"COPGROVE ROAD",
"COPGROVE ROAD",
"HOUSE 209",MANAPDAW
"HOUSE 268",MANAPDGA
"HOUSE 65",MANGAJDG
HAIRDRESSERS,MANTADMW
"HOUSE 1",MANTADPD
"RILEY SNOOKER",MANTADPA
"BRANDLESHULME R",
"BRANDLESHULME R",
"PREMIER STORE",MANGJTAW
"O/S HOUSE 141",MANJGWMW
,MANJGWMT
"HOUSE 13",MANGJPTP
"NEW YORK AVENUE",
"THE STONE JUG",MANAWPMT
"LOWRY HOTEL",MANGJMJM
"GT NORTHERN SQ",MANGPJDA
"QUAY WEST",MANJTDGA
"MANC DOCKS",MANJTDAW
"TELEPHONE BOX",MANAMJGT
"FLATS 114-116",MANAPWTJ
"WELLFIELD ROAD",
"WELLFIELD ROAD",
"HOUSE 1",MANTDMDT
NURSERY,MANTDMDP
"CHAPEL LANE",
"Queen Street (SE Bnd - To Def rte)",
"GREAT GATES RD",
"HARVARD STREET",
"GREAT GATES RD",
"HARVARD STREET",
"Queen's Rd (Nbd)",
"Queen's Rd (SEbd)",
"RADNORMERE DR",
"QUEEN'S ROAD",
"QUEEN'S ROAD",
"HOUSE 88",MANTDPTA
"QUEENS ARMS PUB",MANAWDWP
PLAYGROUND,MANTDPTD
"HOUSE 2",MANPMAPT
SCHOOL,MANGJDJM
"HOUSE 36",MANGJDJP
"Queens Drive",
"Queens Drive",
"INDUSTRL ESTATE",MANPDAGA
"CARE HOME",MANPDAJW
"HOUSE 66",MANPDAMA
PLAYGROUND,MANDWADM
,MANPDAGD
,MANDMDTA
"CAR PARK",MANDTWMT
SCHOOL,MANGDPJW
CHURCH,MANGDPMA
"ADELAIDE STREET",
"Queens Park Rd (S bnd)",
"QUEENS PARK RD",
"SHADWELL STREET",
"ADELAIDE STREET",
"SHADWELL STREET",
"HOUSE 399",MANAPGTD
"BENTS LANE",
"TELEPHONE BOX",MANAGPWA
"POUND STRETCHER",MANJMAWP
"HOUSE 649",MANDMDTJ
,MANDMDTM
SCHOOL,MANDJPJT
"NEW INN",MANAWPJD
"OPP M/CR CABINS",MANAGWDJ
"HOUSE 113",MANDJPGJ
"HOUSE 2",MANAGWTP
"HOUSE 653",MANDMDTG
HALFORDS,MANDJPWM
"BENTS LANE",
MONUMENT,MANJMAGD
HADFIELDS,MANAGWDG
FLATS,MANDJPTD
"HOUSE 139",MANJTJTW
,
"QUEENS RD",
"HOUSE 15",MANJMWTD
"WALMSLEY GROVE",
"SUB STATION",MANJTDJA
,
,
"LAY BY",MANJMTAJ
SHOPS,MANJMTDP
,
,
,
"COLLYHURST ROAD",
"QUEENS ROAD STAFF HALT (Metrolink)",
"HOUSE 74",MANJDGMW
"HOUSE 103",MANJAJWJ
"QUEENS COURT",MANGWGWP
"HOUSE 7",MANGDJAT
"HOUSE 26",MANPWTMG
"HOUSE 55",MANPWTMJ
"HAMBLETON RD OP",
,MANGJDJT
"CARR LANE",
"HOUSE 42",MANPTWAD
"HEALTH CENTRE",MANJGAPT
"MATLOCK RD",
"HOUSE 176",MANPJTJM
Queensway,
"HAMBLETON RD OP",
"BOUNDARY 59",MANPTPWT
"MATLOCK RD",
"HEALTH CENTRE",MANJGAPM
"HOUSE 131",MANPJTJG
QUEENSWAY,
"CARR LANE",
"HOUSE 85",MANATPWJ
"HOUSE 98",MANATPWM
,MANDAMJP
"HOUSE 303",MANDAMJT
"WESTWOOD STREET",
"WESTWOOD STREET",
"HOUSE 205",MANGMWTW
"RACECOURSE HTL",MANGMWTP
PARK,MANGWJWJ
"HOUSE 79",MANGTDGD
"HOUSE 66",MANGTDGA
PARK,MANGWJWM
,
"SPRING LANE",
"Radcliffe Bus Station",MANGPGJW
"Radcliffe Bus Station",
"OPP ZION STREET",
"OPP ZION STREET",
"OPP ZION STREET",
"OPP ZION STREET",
"OPP ZION STREET",
"STAND A",MANDMJPJ
"STAND B",MANDMJTA
"STAND C",MANDMJTG
"STAND D",MANDMJTM
"STAND E",MANDMJTW
BEAUTICIANS,MANDTMDM
LIBRARY,MANDTMDJ
"CAR PARK",
CARPARK,MANTJTPD
CARPARK,MANTJTMT
,MANDTAGD
"HOUSE 191",MANGMTJA
"HOUSE 162",MANGMTGW
"RADCLIFFE ROAD",
"HOUSE 100",MANJWGDJ
,MANPJDJM
"RADCLIFFE ROAD",
"RADCLIFFE ROAD",
"HOUSE 415",MANAMJWT
SHOP,MANPJDGP
"SERVICE STATION",MANJWGDM
,MANDPAGJ
"RADCLIFFE ROAD",
"HOUSE 406",MANAMPAD
"HOUSE 78",MANPGAMW
"CAR SHOWROOM",MANPGAMT
"LONG LANE",
"OLD HALL FM TRK",
"DAVENPT FM TRCK",
"OLD HALL FM TRK",
"LONG LANE",
"DAVNPT FM TRACK",
"OPP HOUSE 85",MANAPMWT
"ROCHDALE ROAD",
"Radcliffe Street (NEbnd)",
"ROCHDALE ROAD",
"HIGH SCHOOL",MANDMWMD
"HOUSE 94",MANDPAPA
"RAIL BRIDGE",MANDPAMW
"RAIL BRIDGE",MANDMWMG
LAY-BY,
LAY-BY,
SCHOOL,MANAMDMA
"HOUSE 10",MANADJDG
"HOUSE 58",MANJMJWJ
"QUEEN'S ROAD",
"THE LIFE CENTRE",MANJPGAT
CHURCH,MANJPGDJ
,MANPAJTJ
,MANTGWJW
"WATLING STREET",
,MANPAJPJ
,MANPAJPM
"INDUSTRIAL EST",MANPJAJP
"LADYBARN PARK",MANADPJD
,MANPJDWT
"SMITHS BRIDGE",MANJTWMP
"CAR DEALER",MANJTWJT
"HOUSE 156",MANPDGWP
"HOUSE 182",MANPDGWM
"HOUSE 175",MANAJPGM
"HOUSE 34",MANAWDWM
SUBWAY,MANJWGJM
"LAY BY",MANAWGMW
SHOPS,MANJTAJW
"RAILWAY INN",MANGJTGP
"HOUSE 38",MANTATPA
CHURCH,MANTDMDG
BANK,MANTATMD
"BUILDING 93",MANTDMDA
"Railway Road",
"FEATHERSTALL RD",
,MANDPMPG
"PUBLIC HOUSE",MANTWPGP
"RAILWAY HOTEL",MANPWJTM
"WATERSIDE ROAD",
"Railway St (NE to def rte)",
"MILNROW ROAD",
"CHURCH STREET",
"CHURCH STREET",
"RAILWAY STATION",MANGTGPD
"MILNROW ROAD",
"WATERSIDE ROAD",
"HOUSE 43",MANJATGT
"HOUSE 660",MANPAGTG
"KERSAL ROAD",
GARAGE,MANDMJWJ
"SCHOOL LANE",
"SCHOOL LANE",
"HOUSE 63",MANPMDJD
Rakewood,
Rakewood,
"THE WINE PRESS",MANDWAPM
"RAMS HEAD PUB/H",MANTGJMJ
"PUBLIC HOUSE",MANAJTDM
"RAMS HEAD PUB/H",
FACTORY,MANPGPWT
"HOUSE 32",MANPGTAD
"HOUSE 29",MANAPWDP
"HOUSE 202",MANGADGW
"SUB STATION",MANGADJA
"OLD CIVIC HALL",MANDMGDA
"BRSA CLUB",MANPDTWM
"TOTTINGTON ROAD",
"HOUSE 164",MANJAJTD
"HOUSE 121",MANJAJTA
MILL,MANATDGW
"HOUSE 126",MANATDGT
"HOUSE 22",MANAJGWM
"HOUSE 19",MANAJGWP
"STONESTEADS DR",
"STONESTEADS DR",
"ESTATE AGENTS",MANDMWAW
"POST OFFICE",MANPTWJT
FARM,MANPWPGP
"ROOSEVELT ROAD",
"ROOSEVELT ROAD",
"HOUSE 151",MANJATJM
MOSQUE,MANGTMWA
,MANJATJP
CHURCH,MANGTWGA
"LADYSMITH ST",
"LADYSMITH ST",
"ASPULL COMMON",MANPMJPA
"STANLEY LANE",
"STANLEY LANE",
"HAIGH ROAD",
"HOUSE 163",MANTAJAT
"HOUSE 170",MANTAJAW
"HOPE STREET",
"HOUSE 456",MANPDATM
,MANPDATJ
,MANPDATG
SCHOOL,MANAGWGJ
SCHOOL,MANAGWGD
"HOUSE 498",MANPDAWA
"RAVENSWOOD AVE",
"RAVENSWOOD AVE",
"RAVENSWOOD AVE",
"LIDGATE CLOSE",
"LIDGATE CLOSE",
"NORTHWOLD CLOSE",
"NORTHWOLD CLOSE",
"RAVENSWOOD AVE",
"RAVENSWOOD CRT",MANJAMTJ
"HOUSE 78A",MANJTADG
"RAWSON STREET",
"BRIDGE STREET",
"BRIDGE STREET",
"RAWSON STREET",
"Rawson Street (NE bnd)",
"Rawson Street (SW bnd)",
"HOUSE 34",MANDGTWG
,MANGJPTG
,MANGJPTD
,MANPJADP
"ORLANDO BRIDGE",MANPJADM
"HOUSE 131",MANJAJWM
SHOP,MANTDWDM
"HOUSE 51",MANDMTAJ
"HOUSE 60",MANDMTAG
"RECTORY LANE",
,MANPWMGA
"HOUSE 52",MANDTPMG
"HOUSE 61",MANDTMTJ
"RECTORY LN",
"RECTORY ROAD",
"RECTORY ROAD",
"Red Bank (to define route)",
NEWSAGENTS,MANDTDJG
"HOUSE 13",MANDMDWP
"RED BRIDGE INN",MANDMDWT
"HALIFAX ROAD",
"FOSTER LANE",
"HALIFAX ROAD",
"WINSTER DR OPP",
"PUBLIC HOUSE",MANJGAJG
"RED LION PUB",MANJMJDJ
SHOPS,MANJTAGT
"HOUSE 21",MANTAWAT
"CHURCH HALL",MANTAWAW
"HOUSE 93",MANPGDPJ
BARBERS,MANGMWJA
"HOUSE 72",MANDTGWJ
"RED LION PUB",MANDTGWM
SHOPS,MANDTPGP
"RED LION",MANDTPTD
"HOUSE 10",MANTAWAP
"PUBLIC HOUSE",MANJDGJP
"RED LION",MANTDMAJ
"RED LION PUB",MANPGDPM
"RED LION",MANJDGJT
BUNGALOWS,MANGDJTD
"HOUSE 104",MANGDJTG
"TREATMENT WORKS",MANGDTPM
"HAIGH HALL ENT",
,MANTGTWJ
,MANPWMAJ
"RED ROSE WORKS",MANAPMTG
"RED ROSE PUB",MANTGPWA
"RED ROSE STORE",MANAJPWD
"RED ROSE PUB",
"SUB STATION",MANJPDPA
"HOUSE 137",MANJPDMT
,MANPTWGP
"TULIP ROAD",
"HOUSE 17",MANJTPMA
,MANJTWDT
"TULIP ROAD",
"HOUSE 95",MANPATJA
"HOUSE 96",MANPATGW
"Redcar Road (Sbnd)",
"REDCOTT CLOSE",
"Redcross St",
"Redcross St",
"COMMUNITY CTR",MANJDGWD
DRYCLEANERS,MANAJMPA
"STATION ROAD",
,
,
,MANJDGTP
"HOUSE 1",MANJDGPD
GARAGE,MANJDGPW
"HOUSE 16",MANJDGPA
GARAGE,MANJDGPT
"ROLAND ROAD",
,
,MANJDJAT
"HOUSE 81",MANJDJAJ
SCHOOL,MANJDTDJ
"HOUSE 1",MANGAJTM
,MANGAJTP
"HARLAND WAY",
"HARLAND WAY",
FACTORY,MANDPJMJ
,MANDPJMP
"HOUSE 151",MANDGPDM
"CAR PARK",MANAJDPG
"INDUSTRIAL EST",MANTWAGW
"HOUSE 521",MANPGTJW
"HOUSE 504",MANPGTMA
"PLODDER LANE",
"HOUSE 7",MANDTJDJ
,MANDTJDG
"HOUSE 301",MANDPADW
"PLAYING FIELDS",MANDPAGA
"PEMBROKE DRIVE",
"PEMBROKE DRIVE",
"STONE MASONS",MANJMWJP
REDWOOD,
REDWOOD,
"PRIMARY SCHOOL",MANJWTGA
"HOUSE 101",MANATMTG
"HOUSE 86",MANATMTJ
FLATS,MANAJGDP
BUNGALOWS,MANAJGDT
"HOUSE 20",MANPADAW
CHURCH,MANGMATD
"OP BRIDSON LANE",
"HOUSE 29",MANJDPWJ
CHURCH,MANJDPWG
"HOUSE 15",MANPADGA
"HIGH SCHOOL",MANGWAJW
"HIGH SCHOOL",MANGWAMA
"CAR BREAKERS",MANGPDAW
,MANGPDAT
ALLOTMENTS,MANAMDAG
BRIDGE,MANDJMWJ
"HOUSE 1",MANTDGTG
,MANGMPAP
,MANGMPAT
MCDONALDS,MANGMJPD
"Regent Rd",
"Regent Rd",
"REGENT ROAD",
"REGENT ROAD",
"HOUSE 619",MANPDAWT
"Regent Road",
"Regent Road",
"DUNHAM ROAD",
"RAILWAY STREET",
"RAILWAY STREET",
"DUNHAM ROAD",
"Regent Road (to define route)",
"Regent Road Roundabout (to def route)",
"PROPERTY 183A",MANGDJWD
,MANDPATD
"THE FUSILIER",MANDPATG
"WELLINGTON SQ",MANDTJMJ
"HOUSE 349",MANDTJMP
"HOUSE 92",MANTDGTW
REMPLOY,MANPWAWG
"DUNOON ROAD",
"DUNOON ROAD",
"RENOLD HOUSE",MANGWJPJ
"TOPPING FOLD RD",
"TOPPING FOLD RD",
"MILTON ROAD",
"HOUSE 5",MANJMPDT
"SCOUT HALL",MANJTATM
,MANPWTMA
"HOUSE 379",MANPWTJW
"HOUSE 1017",MANPAJDM
,MANPAJDP
,MANJAWJM
"HOUSE 253",MANGAJAD
"RETAIL PARK",MANJDPTG
"ELK MILL",MANAMJTD
"PLAYING FIELD",MANAMJTG
"TK MAXX",MANDPJAJ
TEXACO,MANGMPDG
"RETAIL PARK",MANJGAWG
"RETAIL PARK",MANJDMJM
TEXACO,MANGMPDJ
"MCDONALD'S C/PK",MANJWTAG
"RETAIL UNITS",MANPWJGM
"HOUSE 393",MANAPGTA
"O/S HOUSE 316A",MANDTGTD
"HOUSE 316",
"PRIMROSE AVENUE",
"PRIMROSE AVENUE",
"BRIDGE STREET",
"BRIDGE STREET",
"HOUSE 75",MANGDJDJ
"Rhodes Crescent",
"Rhodes Crescent (NE bnd)",
"Rhodes Crescent (SW bnd)",
"HOUSE 2",MANAMDJP
"HOUSE 8",MANAMDJT
,MANPTAWA
"HOUSE 416",MANPTMGD
"HOUSE 1",MANGAMGM
"HOUSE 2",MANGAMGP
"HOUSE 168",MANDPJTA
"HOUSE 159",MANDPJTD
"HOUSE 123",MANDMWAJ
"TWEEDSDALE CL",
"Ribble Dr (N bnd)",
"Ribble Dr (S bnd)",
"ALBERT ROAD",
"Ribble Drive (N Bnd)",
"Ribble Drive (S bnd)",
"WYRE AVENUE",
"WYRE AVENUE",
"HOUSE 85",MANTGTWT
"HOUSE 98",MANPWMTG
"BELVEDERE CLOSE",
"BELVEDERE CLOSE",
"RICHMOND HILL",
"HOUSE 12",MANTGMWP
FLATS,MANAWGPD
ALLOTMENTS,MANDGWMD
,MANDGWMA
"HOUSE 7",MANATGTM
"COMMERCIAL HSE",MANJPDWG
,MANDGWPD
"HOUSE 110",MANATWTA
"HOUSE 5",MANTAJMJ
SHOPS,MANATWAW
"Richmond Road",
"RICHMOND ROAD",
"RICHMOND ROAD",
"Richmond Road",
"ALLIANCE HOUSE",MANJPJPM
"LANGHAM ROAD",
,MANPTPGM
"ASH BANK HOUSE",MANAWTGD
"HOUSE 1",MANPTPGJ
"Ricroft Rd (Ebd)",
"HOUSE 204",MANJGJPT
"HOUSE 204",MANTGJGP
"OPP RIDGE AVE",
"HOUSE 83",MANDAJGP
"PETROL STATION",MANDAJMD
"THE CLOSE",
"THE CLOSE",
"HOUSE 1",MANTPDPG
"HOUSE 2",MANTPDPD
"Ridge Road",
"Ridge Road",
"TELEPHONE EXC",MANATDPW
"BUSINESS CENTRE",MANATDPT
,MANPAMJP
RESERVOIR,MANPAMJT
"Ridgeway Arms Hotel",
"HOUSE 12/14",MANAGWTW
RIDGWAY,
RIDGWAY,
,MANJWJMT
"HOUSE 175",MANPAJPA
"BOLTON ROAD",
"BOLTON ROAD",
"AVON ROAD",
"AVON ROAD",
"AVON ROAD",
"AVON ROAD",
,MANPMGJP
"HOUSE 518",MANPMGJM
"RIDYARD STREET",
"HOPE AVENUE",
"TRAFFORD DRIVE",
"HOPE AVENUE",
"MANCHESTER RD E",
"TRAFFORD DRIVE",
"Rigby Lane",
"HOUSE 282",MANPAJGP
"Rigby Lane",
"HOUSE 250",MANPAJGT
"MEADOW PIT LANE",
"MEADOW PIT LANE",
"CAR SALES",MANDADAD
,MANDAPDJ
,MANPGPDP
"CONSERVATIVE CB",MANPAPWG
,MANJWPMD
"HOUSE 45",MANTGTMD
"BANK FIELD ST",
PLAYGROUND,MANJWJDM
,MANDMJMP
"HOUSE 358",MANDTGAJ
"BRICK SHELTER",MANDTGAM
"HOUSE 1",MANDTWJG
"TEN ACRE DRIVE",
"TEN ACRE DRIVE",
"HOUSE 2",MANTGMJD
"RINGLEY ROAD",
"RINGLEY ROAD",
"RINGLEY ROAD",
"RINGLEY ROAD",
FIELDS,MANGPTDP
"NR HOUSE 15",MANGPTDT
"RINGWAY ROAD",
"RINGWAY ROAD",
"WOODLEY AVENUE",
"WOODLEY AVENUE",
,MANAPWPJ
FLATS,MANAMGPD
"HOUSE 24",MANAMWJD
"RIPPONDEN ROAD",
"RIPPONDEN ROAD",
"Ripponden Road",
"Ripponden Road",
"RIPPONDEN ROAD",
"RIPPONDEN ROAD",
"ROUGH HEY LA OP",
"ROUGH HEY LANE",
"HOUSE 8",MANJWPMG
"NURSING HOME",MANJWMJM
SOUTHFIELDS,MANJWMJP
,MANPGWTG
"Rishworth Rise",
GREENWAY,
"Rishworth Rise (NWbnd)",
"Rishworth Rise (SE Bnd)",
"Rishworth Rise (W bnd)",
PARK,MANJDMPD
"CARPET STORE",MANJMDGM
"CAR PARK",MANDWPTG
,MANPJDWA
GARAGE,MANDWPTD
,MANPJDTW
"OPP MILL",MANDJATM
MILL,MANDJATJ
"River Street",
"River Street",
,MANPMWJD
"SCHOOL LANE",
"CROMPTON STREET",
"PARK VALLEY",MANDMAGM
,MANDMAGP
"HOUSE 88",MANDWAGW
"HOUSE 76",MANDWAJA
CEMETERY,MANAGTMJ
"STORAGE YARD",MANAGTMP
,MANJPJGT
"HOUSE 61",MANPTGJW
BRIDGE,MANGJGPM
"RIVERSIDE AVE",
RESTAURANT,MANGTATW
"HOUSE 290",MANGTAWA
"SUB STATION",MANDMTAD
"HOUSE 177",MANDMPWT
"MALGAM DRIVE",
"RIVINGTON LANE",
"RIVINGTON LANE",
,MANPJMTW
"RIVINGTON DR",
"RIVINGTON DRIVE",
"RIVINGTON DRIVE",
"RIVINGTON DRIVE",
"BICKERSHAW LANE",
"BICKERSHAW LANE",
"OPENSHAW PARK",MANDTDPJ
"HOUSE 337",MANDTDPW
NURSERY,MANAWJTJ
"CAR SALES",MANAWJTM
"PILSWORTH ROAD",
"COMMUNITY CTR",MANGJGJW
FLATS,MANGJGMG
ALDI,MANDGPMG
"PROPERTY 9",MANGDJWJ
"HOUSE 55",MANPWGDA
SHOPS,MANJMPTP
CHEMIST,MANDPGDG
"HOUSE 48",MANJMTGW
BOUTIQUE,MANJMPWA
"HOUSE 294",MANTDGMA
"CARPHONE WHOUSE",MANDPGWD
"ROBIN HOOD PUB",MANJMTJA
"ROBIN HOOD INN",MANPGATA
"HOUSE 1",MANJAMDP
"HOUSE 130",MANJAJTG
"TELEPHONE EX",MANJAJTJ
"HOUSE 115",MANJAMDT
"Robins Park Rd",
"Robins Park Rd",
"HOUSE 302",MANATDGP
BARBERS,MANATDGM
,
,
,
,
"METROLINK STOP",MANGPTGT
,MANGTJGT
,MANGTJGP
"KENNEDY DRIVE",
"KENNEDY DRIVE",
"HOUSE 93",MANGAMAG
"HOUSE 92",MANGAMAJ
"ROCH VALLEY WAY",
"ROCH VALLEY WAY",
"Roch Mills Crescent",
"Roch Mills Crescent",
"HOUSE 56",MANDWDPJ
"BUSINESS PARK",MANDWDPM
"BP GARAGE",MANGADMG
"MANCHESTER ROAD",
"MANCHESTER ROAD",
"MACLURE ROAD",
"BUS STATION",
"STATIONERS ENTRY",
"UNION ST",
"CONSTANTINE ROAD",
"ROCHDALE BUS STATION",
"SMITH ST",
,
,
"ROCHDALE BUS STATION",MANTJGWJ
"ROCHDALE BUS STATION",MANTJGWM
"ROCHDALE BUS STATION",MANTJGWP
"ROCHDALE BUS STATION",MANTJGWT
"ROCHDALE BUS STATION",MANTJMAD
"ROCHDALE BUS STATION",MANTJMAG
"ROCHDALE BUS STATION",MANTJMAJ
"ROCHDALE BUS STATION",MANTJMAM
"ROCHDALE BUS STATION",MANTJMAP
"ROCHDALE BUS STATION",MANTJMAT
"ROCHDALE BUS STATION",MANTJMAW
"ROCHDALE BUS STATION",MANTJMDA
"ROCHDALE BUS STATION",MANTJMDG
"ROCHDALE BUS STATION",MANTJMDJ
"ROCHDALE BUS STATION",MANTJMDM
"ROCHDALE BUS STATION",MANTJMDP
"ROCHDALE BUS STATION",MANTJMDT
"ROCHDALE BUS STATION",MANTJMDW
"ROCHDALE BUS STATION",MANTJMGA
"ROCHDALE BUS STATION",MANTJMGD
"ROCHDALE BUS STATION",MANTJMGJ
"ROCHDALE BUS STATION",MANTJMGM
"CONSTANTINE RD",
"GO OUTDOORS",MANAGPJP
CEMETERY,MANGDPWM
"PROPERTY 513",MANGDPWJ
HOSPITAL,MANGADPJ
"HOUSE 7",MANDWDGP
"HOUSE 32",MANDWDGT
HOSPITAL,MANGADPM
"Rochdale Interchange",MANTMGTP
"Rochdale Interchange",MANTMGPT
"Rochdale Interchange",MANTMGTJ
"Rochdale Interchange",MANTMGWA
"Rochdale Interchange",MANTMGWD
"Rochdale Interchange",MANTMGPW
"Rochdale Interchange",MANTMGTA
"Rochdale Interchange",MANTMGTD
"Rochdale Interchange",MANTMGTG
"Rochdale Interchange",MANTMGTM
"Rochdale Interchange",MANGPGJP
"Rochdale Interchange",MANTMGTW
"Rochdale Interchange",MANTMGPM
,
,
"Rochdale Interchange",MANTMGWG
"Rochdale Interchange",MANTMGWJ
"Rochdale Interchange",MANTMGWM
"Rochdale Interchange",MANTMGWP
"Rochdale Interchange",MANTMGWT
"Rochdale Interchange",MANTMJAD
"Rochdale Interchange",MANTMJAG
"Rochdale Interchange",MANTMJAJ
"Rochdale Interchange",MANTMJAM
"Rochdale Interchange",MANTMJAP
"ROCHDALE RD",
"Rochdale Lane (Nbnd)",
"ROCHDALE RD",
"Rochdale Lane (Sbnd)",
"HOUSE 3",MANDTWAM
"HOUSE 2",MANDMPDP
"STAND D",MANDMPDG
"OP EXIT BARRIER",
"POST OFFICE",MANDWTMD
,
SCHOOL,MANDWTWG
"ROCHDALE TRAIN STATION",
,
,
STATION,MANDWAGA
STATION,MANDTWMD
"GAMES COURT",MANAPWMT
"CRICKET GROUND",MANGAWGM
"NOWELL HOUSE",MANGAWJM
"HOUSE 3",MANAGATA
"HOUSE 11",MANAGATD
"DUNOON WALK",MANDJTGP
CHURCH,MANDJTAD
"TESCO CAR-PARK",MANDMAPJ
TESCO,MANDJGWD
"HOUSE 1",MANGAMPG
,MANAMADP
"HOUSE 34",MANAMTPJ
CARPARK,MANAGDWT
CO-OP,MANAGMJD
"KEYHAVEN WALK",MANDJPGA
"HOUSE 4",MANTGWTJ
ACADEMY,MANAGWTM
"HOUSE 3",MANAPTDT
FLATS,MANDJTGT
,MANAPWPW
"CAR PARK",MANDPGTW
"OS HOUSE 369",MANDJPGD
"HOUSE 22",MANDWTAT
"HOUSE 8",MANDTDTD
"ROCHDALE ROAD",
"ROCHDALE ROAD",
"ROCHDALE ROAD",
"ROCHDALE ROAD",
"ROCHDALE ROAD",
"ROCHDALE ROAD",
"HOUSE 750",MANDWGTJ
"ROCHDALE RD",
"ROCHDALE ROAD",
"Rochdale Road (to define route)",
"NEW RADCLIFFE S",
"Rochdale Road (to define route)",
"Rochdale Road (to define route)",
"Rochdale Road (to define route)",
"Rochdale Road (to define route)",
"STATION BUILDS",MANDWTWJ
"HOUSE 2",MANAMTJM
"HOUSE 153",MANDADWM
"WINCHESTER WAY",
"WINCHESTER WAY",
"HOUSE 843",MANPDMGD
"HOUSE 843",MANPDMGA
"PUBLIC HOUSE",MANJGTJM
"PUBLIC HOUSE",MANJGTJP
,MANDJAWD
"HOUSE 2",MANDJAWA
"HOUSE 114",MANPAMTP
BRIDGE,MANGMAWM
"HIGH SCHOOL",MANTJAPJ
"HOUSE 206",MANTJAPG
"HOUSE 80",MANJWTGM
"LIFE CENTRE",MANPMTJP
"HOUSE 232",MANTAMGD
"LIBRARY STREET",
,MANDGAJP
"PUBLIC HOUSE",MANDGAJM
"HOUSE 79",MANGMAGT
"HOUSE 97",MANGMAGW
"PUBLIC HOUSE",MANJMWTM
"HOUSE 141",MANJMWTJ
"WHITEGATES LANE",
"WHITEGATES LANE",
"CABIN LANE",
"CABIN LANE",
"HOUSE 937",MANTAWMT
"HOUSE 920",MANTAWMP
PARK,MANJTATW
SCHOOL,MANJPAWG
,MANJPAWJ
PARK,MANJTATP
"JOHN NASH CRES",
"CULMINGTON CLO",
"CLOPTON WALK",
"HOUSE 95",MANATMGA
"HOUSE 121",MANATMDW
"CHURCH LANE",
,
,
,
STATION,MANJGMGW
"ROMILEY ARMS",MANJGMJA
"DEAL AVENUE",
"PRIMARY SCHOOL",MANAMGPJ
"HOUSE 125",MANAMGPM
"CAR GARAGE",MANAJAPW
"RAILWAY BRIDGE",MANAJATA
"ELM PARK WAY OP",
PARK,MANDWDJW
"HOUSE 84",MANDWDMA
,MANGDWMJ
"HOUSE 725",MANGDWPA
BARNSIDE,MANGDWPD
"HOUSE 8",MANJWADG
,MANJTWPA
"ROSARY ROAD",
"ROSARY ROAD",
"HOUSE 155",MANPMWAW
,MANDPTJM
"HOUSE 450",MANPWATA
"HOUSE 10",MANGJAMG
"HOUSE 4",MANPWDTJ
"HOUSE 8",MANGJAMD
"HOUSE 479",MANTGTPD
"HOUSE 13",MANTGTAG
"HOUSE 448",
"ROSE AVENUE",
"M66/Rose Bank (Sbd - to define route)",
"HOMERTON ROAD",
"HOMERTON ROAD",
"M66/Rose Bank(Nbd - to define route)",
"HOLT STREET",
"Rose Bridge High School (Ebnd)",
"HOLT STREET",
"BRIDGE WAY",
"CO OP",MANPDMPT
"DARWEN ROAD",
"DARWEN ROAD",
,
"ALDERGATE GROVE",
"ALDERGATE GROVE",
"STONEMASONS PUB",MANGDMDM
"FLATS 51-61",MANGDMDJ
"HOUSE 224",MANJGDMA
"SANDRINGHAM HO",MANJGDMD
"Rose Lane",
"Rose Ln (Sbd)",
"HOUSE 27",MANJGDAP
"HOUSE 25",MANJGDAT
"SANDWICH BAR",MANAJGWD
"HOUSE 29",MANAJGWA
"HOUSE 185",MANTGAGM
"HOUSE 37",MANDTPDM
"HOUSE 31",MANPMWMG
"CRICKET FIELD",MANJPDJM
SHOPS,MANJPAGW
"HOUSE 42",MANJPDJP
SHOPS,MANJPAGT
"PUBLIC HOUSE",MANAGAGM
"HOUSE 1476",MANAJMJA
"HOUSE 117",MANJATDG
"HOUSE 58",MANJATDA
"HOUSE 4",MANTDADJ
"Rossall Rd (NW bnd)",
"MAUD STREET",
"MAUD STREET",
"SHOPPING CENTRE",MANTWAMD
"SHOPPING CENTRE",MANTPWJG
"SHOPPING CENTRE",MANTWAMA
"ROSSLARE ROAD",
"ROSSLARE ROAD",
"HOUSE 18",MANGDADA
"BETHESDA HOUSE",MANGPDJW
"HOUSE 102",MANJATDM
"HOUSE 149",MANJATDJ
"CALLENDER ST",
"CALLENDER ST",
,MANDATAG
"ROTHBURY AVE",
"HOUSE 25",MANDGWTD
NURSERY,MANAMGPA
"ROUGH HEY LANE",
"CARAVAN PARK",MANTGJMG
"FARM BULDINGS",MANAJTAJ
,MANAWJTP
"HOUSE 76",MANAWJPD
"HOUSE 345",MANAWJTW
"HOUSE 173",MANAWJPA
"BANK HOUSE",MANPWMPA
"HOUSE 202",MANPWMPD
,
,
,
"CAR PARK",MANAPGWG
WAREHOUSE,MANAPGWJ
"COMMUNITY CTR",MANAMGAG
CHURCH,MANAMGTJ
CHURCH,MANTGPTM
"ROUNDTHORN RD",
"HOUSE 37",MANGTDAM
"HOUSE 70",MANGTDAJ
"HOUSE 15",MANDJDAP
"SUB STATION",MANDJDAM
"ROWAN CRESENT",
"HOUSE 76",MANAMGDT
"HOUSE 83",MANAMGDW
"ROWDEN ROAD",
"ROWDEN ROAD",
,MANPJAGW
,MANDPGAG
"HOUSE 891",MANDPGAD
"SUB STATION",MANDPMJT
,MANGDADJ
"HOUSE 87",MANGDADG
"BARLOW MOOR RD",
"BARLOW MOOR RD",
"HOUSE 8",MANPMDMG
HOSPITAL,MANPGWGW
HOSPITAL,MANPGWJA
HOSPITAL,MANPGTJP
HOSPITAL,MANPGTJT
HOSPITAL,MANPGTJM
FLATE,MANTDGPW
"STIRLING CLOSE",
"EMPRESS DRIVE",
"EMPRESS DRIVE",
"STIRLING CLOSE",
BANK,MANDJPAD
"ARNDALE CENTRE",MANGWPGJ
"ARNDALE CENTRE",MANGWPGM
BRIDLEPATH,MANATPTD
LAY-BY,MANATPTA
"BUILDING 43",MANTDMWD
"HOUSE 40",MANTDMWG
"INNOVATION CNTR",MANGPWAJ
"PROPERTY 340",MANTWPTG
"PROPERTY 336",MANGTMJG
M.R.I.,MANGTMJM
HOSPITAL,MANTWPWD
"MEDICAL SCHOOL",MANGPWAM
"INDUSTRIAL EST",MANAGTAT
"POST OFFICE",MANJDMGJ
"POST OFFICE",MANAGTAP
"ROYAL OAK",MANJGDJD
"ROYAL OAK PUB",MANPGJTP
"ROYAL OAK",MANJGDWJ
"ROYAL OAK",MANJDMTA
"ESSO GARAGE",MANPJMWT
"ROYAL OAK",MANJDMPW
"ROYAL OAK",MANJGDWG
"ROYAL OAK",MANJMDWG
"BOWLING GREEN",MANPJPAD
,MANPGJTM
"ROYAL OAK PUB",MANPWPMD
"HOUSE 111",MANPWPMG
FLATS,MANAJGPT
"PUBLIC HOUSE",MANAJGPW
"ROYAL OAK",MANJMDWJ
"ROYAL OAK",MANJGDJA
"WINDSOR HOUSE",MANGWTPD
"Royal Oak Rd (Ebd)",
"Royal Oak Rd (Nbd)",
"OP NTL MANC",MANGWTPA
"WELLFIELD RD OP",
"OP ASTER HOUSE",MANAPTMD
HOSPITAL,MANAPTMA
"HOUSE 450",MANAPTJW
HOSPITAL,MANTPWJA
"Royal Oldham Hospital",
"HOUSE 454",MANAPTJT
HOSPITAL,MANAMDGT
HOTEL,MANDWJDW
,MANDWJGA
,MANGPWJP
OPENLAND,MANGTPAG
,MANGTGAD
"NR OPEN LAND",MANGTPAJ
"FLAT 126-40",MANGTDWJ
CHURCH,MANDTJGJ
"WHITEHEAD GDNS",MANDTJGM
"PETROL STATION",MANDWJGD
SCHOOL,MANAMPGW
SCHOOL,MANAMPGT
SCHOOL,MANAMPJA
"RADCLIFFE ST",
"HEALTH CENTRE",MANAPMWP
"HOUSE 53",MANGTAMG
"HOUSE 91",MANGTAMD
PARK,MANDPMPD
"TONBRIDGE CLOSE",
"TONBRIDGE CLOSE",
"HOUSE 167",MANGJAWP
"RUGBY CLUB",MANJGDAG
CLUB,MANJGDAD
"HOUSE 1",MANTDADM
"HOUSE 304",MANGDJTW
"CAR SHOP",MANGDJWA
"WILMSLOW RD/M56",
"WILMSLOW RD/M56",
"CARGO CENTRE",MANTPDWJ
"Running Hill Gate",
"Running Hill Gate",
"RUNNING HILL LA",
"RUNNING HILL LA",
"WARD LANE",
"WARD LANE",
"HOUSE 29",MANPTGPG
"HOUSE 18",MANPTGPD
"JOHNSON STREET",
PARK,MANJWJGP
"HEALTH CENTRE",MANJWJGT
"JOHNSON STREET",
"GROVE ROAD",
"GROVE ROAD",
"Rush Hill Road (E Bnd)",
"BELLAFIELD DR",
"NTH DOWNS ROAD",
"NTH DOWNS ROAD",
"HOUSE 94",MANPATWJ
BAKERY,MANJWTPJ
"HOUSE 100",MANPATWM
"HOUSE 28",MANGWMWG
"HOUSE 14",MANGWMWM
"BROOKFIELD GDNS",
"BROOKFIELD GDNS",
"WILMSLOW RD",
"WILMSOW RD",
PHARMACY,MANADWDT
"DSS OFFICES",MANADWDP
"WILMSLOW RD",
"HOUSE 24",MANAWAJG
SHOP,MANPWGPT
"HOUSE 21",MANPWDPD
"KINGSLEY CLOSE",
"RUSKIN AVENUE",
"Ruskin Grove",
"Ruskin Grove",
"HOUSE 39",MANTMWMA
"HOUSE 29",MANDAWDG
"HOUSE 88",MANGJATW
"HOUSE 61",MANGJAWA
"CUMBERLAND ROAD",
"CUMBERLAND ROAD",
"HOUSE 99",MANAPWTD
"HOUSE 102",MANGWAPJ
"LANCASTER ROAD",
"LANCASTER ROAD",
TAKEAWAY,MANJWGMG
"HOUSE 985",MANPGJAD
"HOUSE 101",MANPAPDA
"HOUSE 111",MANDPGPJ
"HOUSE 38D",MANDPGPM
"RBS BANK",MANPDMTJ
"HOUSE 76",MANJAPJA
"HOUSE 59",MANJAPJW
"HOUSE 19",MANTAGMJ
"HOUSE 48",MANTJAGP
"HOUSE 38",MANJAPMA
"OPEN LAND",MANTAGMP
"HOUSE 45",MANPMGDA
"ELECTRIC SUB ST",MANTGDGA
"HOUSE 3",MANJAPWD
"HOUSE 150A",MANJAPWG
,MANGMWPT
,MANGMWPM
"HOUSE 85",MANPTAGJ
"HOUSE 94",MANPTGAW
"HOUSE 192",MANPJMJA
"HOUSE 108",MANPJPTD
"HOUSE 199",MANPJGDW
"HOUSE 402",MANJTJTG
"HOUSE 416",MANJTJPW
"WINDERMERE AVE",
"WINDERMERE AVE",
"Rydal Road (E bnd)",
"KINGSBURY AVE",
"KINGSBURY AVE",
"Rydal Road (W-bound)",
"HOUSE 470",MANPAWPT
"HOUSE 248",MANJGMDG
"HOUSE 248",MANJGMDJ
"RYDERBROW ROAD",
,
,
SHOP,MANADJDJ
SHOPS,MANADTMP
"RYDER STREET",
"RYDER STREET",
"HIGHGATE CRES",
"LINDETH AVENUE",
"RYDERBROW ROAD",
"RYDERBROW ROAD",
"HIGHGATE CRES",
"LINDETH AVENUE",
"HOUSE 37",MANPJAWD
"SUMMERFIELD CRT",MANGTWJG
"HOUSE 30",MANGTWJM
FARM,MANGAGTA
,MANGAGTD
"RYECROFT HALL",MANDAWJT
"PUBLIC HOUSE",MANAGJAJ
"RYLANCE STREET",
"RYLANCE STREET",
RYELANDS,
RYELANDS,
"BUS STATION",MANGTGTG
"ARRIVALS WAY",
"JACKSONS LANE",
"JACKSONS LANE",
"JACKSONS LANE",
"JACKSONS LANE",
"JACKSONS LANE",
"JACKSONS LANE",
"JACKSONS LANE",
"JACKSONS LANE",
"JACKSONS LANE",
GARDENS,MANGPTAG
"RETRO BAR",MANGPGTJ
"COACH STATION",MANTJAPA
"WHITWORTH ST",
"MAJOR STREET",
"Sackville St (Sbd)",
"SACKVILLE ST",
"COACH STATION",MANGTDTW
CHURCH,MANPWPWP
"SACRED HEART RC",MANTPDJA
CHURCH,MANADTMJ
"HOUSE 5",MANTAGDT
"HOUSE 44",MANPWPWM
"CATHOLIC CHURCH",MANTAGDW
CHURCH,MANGTDJW
CHURCH,MANGTDJT
CO-OP,MANPDPGA
"HOUSE 265",MANPDPGD
"Saddleworth Pool Car Park",
"HOUSE 144",MANAMWTP
CHURCH,MANAMWTW
RESERVOIR,MANPGWMJ
SAINSBURYS,MANDGPTD
SUPERMARKET,MANJTMJA
SAINSBURYS,MANPWJGD
SUPERMARKET,MANJMADG
"SAINSBURY'S",MANJWDPG
SUPERMARKET,MANJPTWG
SUPERMARKET,MANJPTWD
SAINSBURYS,MANGMPDA
,MANPWJGJ
"SAINSBURY'S",MANJMAWG
"SAINSBURYS C PK",
"SAINSBURYS C PK",
SUPERMARKET,MANAWPAP
"Sainsbury's Car Park",
SUPERMARKET,MANTDTPT
"CAR PARK",MANJDAPW
SUPERMARKET,MANJMGAD
"CAR PARK",MANTWGMP
SAINSBURYS,MANDJMDT
SAINSBURYS,MANAWDJT
SUPERMARKET,MANJMDWT
"DENMARK STREET",
"DENMARK STREET",
"ST HELENS ROAD",
"Saint Lesmo Rd (SEbd)",
"STOCKPORT ROAD",
"MANCHESTER RD",
,
"HOPE RD",
"SIBSON RD",
"HEYWOOD RD",
"HAYFIELD ST",
"SCHOOL LANE",
"CURZON RD",
CEMETERY,MANJTMAT
CEMETERY,MANJTMAJ
SHOPS,MANGTDGM
SHOPS,MANGTDAW
"SYMONS ROAD",
"SYMONS ROAD",
"SALE GIRLS SCH",MANJTMDP
"SALE GRAMMER SH",MANJTMTP
"HIGH SCHOOL",MANJTMWP
"HIGH SCHOOL",MANJMJWP
,MANTAGWA
,MANTWPAT
"HOUSE 21",MANTAGWD
,MANTWPAW
"NORTHENDEN RD",
SHOPS,MANJTMTG
"HOUSE 3",MANGTDGT
"TOWN HALL",MANJTMGP
"SALE STATION",MANJTMJP
"Sale Tram Stop",
"Sale Tram Stop",
"SALE METROLINK",MANJTMJT
,
,
"SALESBURY WAY",
"HOUSE 100",MANPTPAM
"BANK LN",
"BANK LN",
"CHAPEL ST",
,MANGMTPW
"SALFORD CTHDRL",MANGMTWA
,MANGMTPT
"GORE STREET",
,
"SALFORD CTR STATION",
"TRAIN STATION",MANTPGWA
"TRAIN STATION",MANTPGTP
"TRAIN STATION",MANTPGTW
SCHOOL,MANGJMAT
"HOUSE 59",MANGJPTM
"FLATS 121-131",MANGJWAW
"BARLEY FARM",MANGJWAT
"RAILWAY BRIDGE",MANPMATP
COLLEGE,MANPJMGJ
"TRAIN STATION",MANTPGAP
"COCKCROFT ROAD",
,
,
,
"SALFORD CRES",MANGJTWM
"RAILWAY BRIDGE",MANGJPWA
"CHIRSTCHURCH AVE",
"MERCHANTS QUAY",
,
,
,
,
"WATERFRONT QUAY",
"WATERFRONT QUAY",
"MERCHANTS QUAY",
"MERCHANTS QUAY",
,MANTWPTP
,MANTWPTA
,MANPDJTJ
,MANJWMPW
"SALFORD ROYAL",MANGMPJA
"SALFORD ROYAL",MANGMPGW
HOSPITAL,MANGMPJD
NURSERY,MANGMPJG
"WASHINGTON HSE",MANGJMPG
STATION,MANGJMTP
"RAILWAY BRIDGE",MANGJMPM
"WAR MEMORIAL",MANGMTWT
"SALFORD ART GLY",MANGMTWP
"COCKCROFT ROAD",
"COCKCROFT ROAD",
"HOUSE 24",MANTAMTP
"HOUSE 26",MANTAMTW
"HOUSE 234",MANAWDGD
"SALISBURY DRIVE",
"SOMERSET ROAD",
"SOMERSET ROAD",
"BUILDING 19",MANTDMWJ
"HOUSE 55",MANGAJDA
"SALKELDS STREET",
"SALKELDS STREET",
"Salmon Fields",
"Salmon Fields",
"HOUSE 321",MANGPWPJ
"HOUSE 410",MANGPTAP
"ALSTON AVE",
"ALSTON AVENUE",
"Salts Street (E bnd)",
"RAILWAY BRIDGE",MANAPAMT
"RAILWAY BRIDGE",MANAPAMW
"CO-OP STORE",MANDWAGJ
"Samuel Laycock School",
"Samuel Laycock School",
"VARLEY STREET",
"VARLEY ST",
"Sandbrook Park",
"Sandbrook Park",
"HOUSE 132",MANJDGMG
"CAR DEALERSHIP",MANDTDTP
"GRAPES HOTEL",MANDTDTW
"HOUSE 34",MANPWGPJ
"HOUSE 47",MANPWGPG
"MOUNT ROAD",
"MOUNT ROAD",
"OAK LANE",
"HOUSE 44",MANDJAPA
"HOUSE 27",MANDJAPD
"TURNING CIRCLE",MANJGTGJ
"TURNING CIRCLE",MANJGTGT
SCHOOL,MANGPMDJ
"HOUSE 192",MANADTPW
"CAR PARK",MANADJDT
"HIGHFIELD ROAD",
"HIGHFIELD ROAD",
"HOUSE 69A",MANAJGMP
"HOUSE 270",MANAJGMT
"HOUSE 159",MANAWDTW
"HOUSE 139",MANTDGTM
"HOUSE 518",MANTDMJW
"BUILDING 489",MANTDMPA
"HOUSE 228",MANDGDGJ
,MANDGDGD
"GREEN LANE",
"HOUSE 116",MANJMTGT
"GREEN LANE",
"HOUSE 120",MANJMTGP
"SANDY LANE",
"SANDY LANE",
"SHERBOURNE AVE",
"CHAPEL STREET",
"CYPRESS STREET",
"CYPRESS STREET",
"CHAPEL STREET",
"URMSTON ROAD",
"URMSTON ROAD",
"MARL GROVE",
"HOUSE 456",MANGDPWP
"HOUSE 89",MANDTPDT
"PROPERTY 187",MANGDWDJ
NURSERY,MANGDWDM
"HOUSE 94",MANTDGJA
GARAGE,MANJGMGP
,MANDMPAJ
CHURCH,MANTDGJD
NEWSAGENTS,MANDTMJP
"NAT WEST",MANJGMGT
"HOUSE 127",MANTAMPT
"HOUSE 144",MANDWMWD
"CHIP SHOP",MANDWMWJ
FLATS,MANDWGJD
"HOUSE 132",MANTJAMG
"SPARE LAND",MANTAPGW
"STEEL COMPANY",MANDJAPW
"TOWER MILL",MANDJATA
"HOUSE 134",MANTAMTD
"HOUSE 59",MANTAMTG
"HOUSE 202",MANDJGPT
"HOUSE 98",MANDMAGW
"SANDYHILL COURT",MANDMAGT
,MANDJGPW
"HOUSE 151",MANADWTW
"SARACENS HEAD",MANJTWPM
"SARACENS HEAD",MANJTWTM
"Sarah Moor",
"Sarah Moor",
"HOUSE 6",MANAGJAP
"HOUSE 54",MANAGJAT
"HOUSE 9",MANATADW
"HOUSE 47",MANDWDTW
GARAGE,MANAGPMW
"BUSINESS UNIT",MANDWMWP
"HOUSE 2",MANAGPTA
"PLAY CENTRE",MANDWMWT
"N3 CAR PARK",MANJMWGM
"HOUSE 1620",MANPAMGP
"HOUSE 1618",MANPAMGM
"HIGHFIELD ROAD",
"HIGHFIELD ROAD",
"HOUSE 374A",MANADMDW
FLATS,MANADMGA
"FOX GOOSE PUB",MANPWTDW
TAKEAWAY,MANPWTGA
"Scarr Dr (SW bnd)",
"Scarr Drive",
"Scarr Drive (NE bnd)",
"WOODFORD AVENUE",
"WOODFORD AVENUE",
"SCARR LANE",
"HOUSE 94",MANAMGWT
"HOUSE 94",MANTGWMW
"BEDFORD HS GRND",MANPWGAD
"SCHOOL GROUNDS",MANPWDWT
"HOUSE 645",MANGJWGD
CHURCH,MANGJWGA
"Schofield Road",
"Schofield Road",
"GORTON ROAD",
"GORTON ROAD",
"HOUSE 2",MANDMTDG
"HOUSE 15",MANTWAPA
SOLICITORS,MANAGWPD
"HOUSE 723",MANAGWPA
"MOUNT STREET",
"MOUNT STREET",
"KING STREET",
"KING STREET",
"HOUSE 8",MANPMWAJ
SCHOLES,
SCHOLES,
SCHOLES,
SCHOLES,
"HEAVILEY GROVE",
"HEAVILEY GROVE",
"HOUSE 227",MANAPTWD
TAKEAWAY,MANAPDTD
"FURNISHINGS SHP",MANAPDTA
HAIRDRESSERS,MANAPDPW
RECRUITMENT,MANAPDTG
"SCHOFIELD ROAD",
"SCHOFIELD ROAD",
"SCHOOL BANK",
"SCHOOL BANK",
"HOUSE 179",MANDAJDW
SCHOOL,MANJAGWP
SCHOOL,MANJAJGT
"TUDOR COURT",MANJWJMD
,MANJWJMG
"ASHWORTH ROAD",
"ASHWORTH ROAD",
"DOODSON AVENUE",
"DOODSON AVENUE",
"School Lane (northbound) (to def.route)",
"School Lane (southbound) (to def.route)",
"School Lane (southbound) (to def.route)",
"PARRS WOOD PUB",MANGTAJW
"HOUSE 500",MANAGDMW
"BARLOW HIGH SCH",MANGTAMA
"HOUSE 673",MANAGDMT
"CHIP SHOP",MANAPWAD
"CAR PARK",MANJPTAP
"SCHOOL ROAD",
"SCHOOL ROAD",
"BUILDING 126",MANTDJPT
"HOUSE 10",MANTDJTA
"INDUSTRIAL EST",MANTDMDM
"HOUSE 20",MANTAWAJ
"INDUSTRIAL EST",MANPMDWJ
"HOUSE 51",MANTAWAM
"Ley Road/School St (W'Bound)",
"ULUNDI STREET",
"ULUNDI STREET",
"HOUSE 21",MANPTDPM
"HOUSE 28",MANPTDPT
HOTEL,MANJAGJD
HOTEL,MANJAGJG
FLATS,MANDJTPD
"NAT GAS GALLERY",MANDJTPM
MUSEUM,MANTGAWA
"ENTERPRISE HSE",MANGTPMT
"SCIENCE PARK",MANGTPMW
"HOUSE 73",MANDPTWJ
"HOUSE 56",MANDPTWG
"SYCAMORE ROAD",
"SYCAMORE ROAD",
"SCOT LANE",
"SCOT LANE",
,MANJWPWG
"SCOT LANE",
"SCOT LANE",
"SUMNER ST OPP",
"Scot Lane (Ebd)",
"Scot Lane (SWbnd)",
"OFF LICENCE",MANPTDGM
NURSERY,MANPGDWG
,MANPWPTA
,MANPTDGJ
WAREHOUSE,MANPWPTD
"HOUSE 2",MANPTJTG
FARM,MANTATGT
"PARK DRIVE",
"VICTORIA MILL",MANDAPMG
"SHAKESPEARE RD",
"Scott Road",
"Scott Road",
"Scott Road",
"SHAKESPEARE RD",
"Scott Road (Nth Bnd)",
"Scott Road (S bnd)",
"Scott Road (Sth bnd)",
"Scott Road (Sth Bnd)",
MATALAN,MANPDPTP
"D'VD LEWIS PARK",MANGPAPM
"SANCTUARY STDNT",MANGPAPJ
"HOLFORD STREET",
"OPP HOUSE 1",MANTPGDG
"SEAMONS ROAD",
"TAYLOR ROAD",
"TAYLOR ROAD",
"HOUSE 46",MANGDAJA
"HOUSE 47",MANGDAJD
,MANAWMDM
"GARIFT CONSTRUC",MANJMWGJ
HSBC,MANJMWMT
"ALLENS YARD",MANJMWGT
TATTOOIST,MANTWGJT
"HOUSE 219",MANGMJMD
"HOUSE 289",MANDMPWG
"HOUSE 198",MANDMPWJ
"ALEXANDRA ROAD",
"ALEXANDRA ROAD",
"Seddon Lane (Nbnd)",
,MANPJWMG
"HOUSE 11",MANAGWTA
"HOUSE 262",MANAGWTD
"HOUSE 105",MANGJGDJ
BRENTWOOD,
BRENTWOOD,
"HOUSE 26",MANGMAMP
PARK,MANDMWMP
"PHONE EXCHANGE",MANDMWMJ
"HOUSE 154",MANGAJDT
CHURCH,MANDMWPT
"HOUSE 397",MANDMWPW
"HOUSE 86",MANJPDPD
"HOUSE 93",MANJPDMP
"HOUSE 30",MANDWDMT
"HOUSE 33",MANGAWJT
"CHEVIOT CLOSE",
PLAYGROUND,MANGTWDG
"HOUSE 48",MANGTWDJ
,MANPWGJM
"HOUSE 22",MANGJWDM
"HOUSE 2",MANGJWDP
"BROOKHOUSE AVE",
"SERVICE STN",MANDMPJG
FLATS,MANDGMWA
"HOUSE 150",MANPGWTD
"HOUSE 217",MANPGWTA
,MANPATDJ
"Keepers Drive/Seven Acres Lane",
"Keepers Drive/Seven Acres Lane",
"KNOWL HILL DR",
"RAIL BRIDGE",MANPTDGA
,MANPTDAW
"HOUSE 92",MANPJPMW
CHURCH,MANJMPWG
CHURCH,MANJPMTG
"TRENT AVENUE",
"SEVERN ROAD",
"SEVERN ROAD",
"TRENT AVENUE",
"SEVERN ROAD",
"SEVERN ROAD",
"M60/Sewage Works (to define route)",
SHOPS,MANGTJWG
,MANGTJWJ
"HOUSE 151",MANJTGTP
"HOUSE 130",MANJTGDM
SYNAGOGUE,MANGPDJT
BARBERS,MANDJWJA
"HOUSE 635",MANPDPJP
"IND ESTATE",MANDGPTG
"HOUSE 80",MANDWAJD
FACTORY,MANGAMJD
"GROSVENOR ST",
"HOUSE 34",MANGMDAM
"HOUSE 108",MANGWJPA
"HOUSE 6",MANGPTDM
"BUSINESS PARK",MANGTJMA
"HOUSE 108",MANGWJMW
"HOUSE 7",MANGPTDJ
"HOUSE 60",MANGTJGW
,
,
"METROLINK STOP",MANGPTGA
"METROLINK STOP",MANGPTDW
"HOUSE 62",MANAMDGW
"HOUSE 427",MANAWJTD
"ALTRINCHAM ROAD",
"ALTRINCHAM ROAD",
"AMBERWOOD DRIVE",
"HOUSE 320",MANPAJGM
"PETERSFIELD DR",
"AMBERWOOD DRIVE",
FLATS,MANGWJTG
"HOUSE 12",MANGWJTD
"TURNING CIRCLE",MANJPMPD
"SEYMOUR GR OPP",
"AIMSON RD EAST",
"E OF THORLEY LA",
"E OF THORLEY LA",
"AIMSON RD EAST",
"SEYMOUR GROVE",
"HOUSE 1",MANJTMPW
"SHAFTESBURY AVE",
"HOUSE 472",MANTAGJA
"HOUSE 387",MANDPADP
LIBRARY,MANAWTJT
"HOUSE 83",MANGAJTG
"PROPERTY 242",MANGJWJG
"ALBION FARM",MANAMTDP
,MANAMTDT
"HOUSE 44",MANPMAWJ
"HOUSE 53",MANTGJWD
"HOUSE 40",MANATDPA
"Sharples Hall Drive (Eastbound)",
"Sharples Hall Drive (Westbound)",
"HOUSE 387",MANATMPD
"HOUSE 391",MANATMPA
"HUDDERSFIELD RD",
"HUDDERSFIELD RD",
"Sharples High School",
"Sharples High School",
"Sharples High School",
"BOWLING GREEN",MANPAGAP
"TENNIS COURTS",MANPAGAT
"OP FLAMSTEAD AV",
"OP FLAMSTEAD AV",
"SOUTHSIDE HOUSE",MANGTJTA
"ACORN HOUSE",MANGTJTD
"POST OFFICE",MANGPWJD
"AMBULANCE STN",MANGPMWD
"MANCHESTER RUSK",MANGTJTJ
WYLEX,MANGTJTG
"HOUSE 294",MANPMATW
"HOUSE 165",MANPJMGD
,
"TRAM STOP",MANAPJTD
ENGINEERS,MANAPJTG
"MARKET ST",
"JUBLIEE STREET",
,
,
"HOUSE 41",MANDGPJG
"STATION ROAD",
"STATION ROAD",
"HOUSE 1",MANAPMPG
"OPP CHURCH",MANAPTGT
PLAYGROUND,MANAPTJA
WAREHOUSE,MANAMWGT
"LEA COURT",MANJMAMT
WAREHOUSE,MANAMWGP
"NURSING HOME",MANJMAPM
"HOUSE 3",MANAPMWM
"OPP VAUGHAN ST",MANAPTGW
"ELF MILL TERICE",MANJATJT
"PUBLIC HOUSE",MANJATJW
,MANDWAGP
"HOUSE 9",MANPDTDP
NEWQUAY,MANDWAGT
"OLDHAM ROAD",
"OLDHAM ROAD",
"DENTAL PRACTICE",MANDAMJG
"SHAW ST",
"SHAW ST",
SHOPS,MANAJPTP
"BARCLAYS BANK",MANAPDJW
"HOUSE 125",MANAPAJM
"HOUSE 133",MANAPAJP
"HOUSE 200",MANADMTG
"HOUSE 197A",MANADMTJ
"HOUSE 23",MANTGTJP
"HOUSE 24",MANGJDMW
"SHAWCLOUGH CL",
"DUFFINS COTTAGE",MANDWTGA
"HOUSE 335",MANGADJW
"HOUSE 693",MANGDTDP
,MANGDTDT
"SUB STATION",MANDWDAM
"SHAWCLOUGH ROAD",
"SHAWCLOUGH ROAD",
"Shawfield Lane (NE bnd)",
"KEEPERS DRIVE",
"HOUSE 742",MANGDTWM
"WAR MEMORIAL",MANGDTWJ
"HOUSE 490",MANAGDAW
,MANTGDGW
"MARKET STREET",
"MARKET STREET",
"SHAWS ROAD",
"SHAWS ROAD",
"Shay Lane",
"Shay Lane",
"HOUSE 53",MANGWMWP
SCHOOL,MANGTMAW
"SHEARWATER DR",
"SHEARWATER DR",
"HOUSE 97",MANTPAGM
"HOUSE 24",MANJDPAP
"TURNSTONE RD",
"SANDERLING ROAD",
"MERLIN CLOSE",
"SHEEPFOOT LANE",
"SHEEPFOOT LANE",
"Sheepfoot Lane",
"Sheepfoot Lane",
"PARK ROAD",
"PARK ROAD",
"TAKE AWAY",MANDJWMP
CHEMIST,MANDJWPA
"CUMBERLAND DR",
,MANDGDPJ
,MANDGDPA
"ALBION MILLS",MANJADGW
"TAN HOUSE DRIVE",
"TAN HOUSE DRIVE",
"ELMSFIELD AVE",
"MOOR HILL",
"WESTFIELD CLOSE",
"ELMSFIELD AVE",
"MOOR HILL",
"WESTFIELD CLOSE",
"Shelfield Lane (W bnd)",
"BP TERMINAL",MANJTWAM
"SHELL TERMINAL",MANJTPTW
CHURCH,MANAMADM
"Shelley Rd (S bnd)",
"HOUSE 53",MANAWDGW
"ST ANN'S ROAD",
"ST ANNS ROAD",
"ST ANNS ROAD",
"ST ANN'S ROAD",
"SHELLY STREET",
"NEL PAN LANE",
"NEL PAN LANE",
"SHELLY STREET",
"HOUSE 26",MANDPGTJ
"HOUSE 476",MANTDGJG
OFFICES,MANDAMWJ
SHOPS,MANDAMWM
"HOUSES 245-247",MANDTJDT
PUB,MANTDGJM
"O/S HOUSE 86",MANJAWTD
"HOUSE 105",MANJAWTA
"CHESTER ROAD",
"CHESTER ROAD",
"IND. ESTATE",MANDJADP
,MANDJADT
,MANTGJMD
FLATS,MANAWPTP
"RHODES AVENUE",
"RHODES AVENUE",
,MANJDAWJ
"FALINGE PARK",MANGADTP
LIBRARY,MANGAMWA
PARK,MANDWJMP
"HEALTH CENTRE",MANGAPTP
SALON,MANPDPDJ
"HOUSE 177",MANPDPWA
RESTAURANT,MANDWTJM
"HOUSE 118",MANDADWJ
"JASMINE ROAD",
"JASMINE ROAD",
"SHERWOOD CRESC",
"SHERWOOD CRESC",
"HOUSE 103",MANTGMJG
PLAYGROUND,MANPMGAT
"Sherwood Grove",
"OPP SHERWOOD GR",
"SHERWOOD DRIVE",
"Sherwood Grove (Sth bnd)",
"SHERWOOD HOUSE",MANTGWGT
"SHERWOOD HOUSE",MANTDATP
"Sherwood Way (N Bound)",
"WOOD STREET",
"HOUSE 32",MANGTDGJ
"HOUSE 51",MANGTDAT
FARM,MANPWMWD
"HIGH SCHOOL",MANPWMWA
"CROW ORCHARD",
"Shevington Lane (to define route)",
"Shevington Lane (to define route)N Bound",
"CROW ORCHARD",
"HOUSE 76",MANPWPAP
"THE ALMA INN",MANPATMP
"THE ALMA INN",MANPDWAP
"BOWLING GREEN",MANPGTAJ
,MANJAMJT
"MOOR END ROAD",
"MOOR END ROAD",
,MANTGWTA
"OPP ALPHIN COTT",
,MANAMPMW
"HOUSE 82",MANDMATG
"OS FLAT 22-52",MANDJPGW
"POLISH CLUB",MANDMDGP
"Shoecraft Avenue (NW Bnd)",
"HOUSE 104",MANDADAJ
"CITY AVENUE",
"CITY AVENUE",
"MELBOURNE ST",
"MELBOURNE ST",
"Shoecroft Avenue (SE Bnd)",
"BULLS HEAD",MANAMWGW
"HOUSE 779",MANAMWGM
,MANAMWGJ
"HOUSE 141",MANGPMGM
"HOUSE 114",MANGPMGP
LAUNDERETTE,MANADWTP
"PENDLETON PRECINCT",
"SHOPPING CENTRE",MANPAJMD
"JOB CENTRE",MANDJWDM
"COMMUNITY CTR",MANDGDJG
"RETAIL PARK",MANDATPJ
"DRY CLEANERS",MANDJWJD
BETFRED,MANGPDJP
"HOUSE 39",MANATWPW
"RETAIL PARK",MANDATPM
"DENTAL SURGERY",MANJTPAM
,MANPJWAG
"PLYMOUTH DRIVE",
"VETS SURGERY",MANJWAMW
"HOUSES 85/87",MANGJWDT
"HOUSE 166",MANJPJGW
SCHOOL,MANJWAMJ
SHOPS,MANJGADT
SHOPS,MANPJWAJ
GROCERS,MANJPTAG
SHOPS,MANTGMWA
SHOPS,MANJTMWM
"POST OFFICE",MANJTMWT
"PREMIER STORE",MANGJWDW
"KIRKSTALL AV OP",
,MANPAJGD
"HOUSE 27",MANPAJGA
"O/S HOUSE 18",MANDPWMG
"Shropshire Ave",
"Shropshire Ave",
FOOTBRIDGE,MANJGPTJ
"HOUSE 74",MANPDJDA
"HOUSE 81",MANPDJAW
,
,
,
,
"Shudehill Interchange",MANTMJGA
"Shudehill Interchange",MANTMJAT
SHUDEHILL,
"Shudehill Interchange",MANTMJDP
SHUDEHILL,
"Shudehill Interchange",MANTMJAW
"Shudehill Interchange",MANTMJGD
"Shudehill Interchange",MANTMPGW
"Shudehill Interchange",MANTMJDT
"Shudehill Interchange",MANTMJDW
"Shudehill Interchange",MANTMJDJ
"Shudehill Interchange",MANTMJDM
"Shudehill Interchange",MANTMJDA
"Shudehill Interchange",MANTMJDG
SHUDEHILL,
"SHUDEHILL INTERCHANGE",MANTJPMT
"SHUDEHILL INTERCHANGE",MANTJPMW
"SHUDEHILL INTERCHANGE",MANTJPTA
"SHUDEHILL INTERCHANGE",MANTJPTD
"SHUDEHILL INTERCHANGE",MANTJPTG
"SHUDEHILL INTERCHANGE",MANTJPTJ
"SHUDEHILL INTERCHANGE",MANTJPTM
"SHUDEHILL INTERCHANGE",MANTJPTP
"SHUDEHILL INTERCHANGE",MANTJPTW
"SHUDEHILL INTERCHANGE",MANTJPWA
"SHUDEHILL INTERCHANGE",MANTJPWD
"DANTZIC ST",
"SHUTTS LANE",
"SHUTTS LANE",
"HINKLEY ST",
"HINKLEY STREET",
"Sibson Road",
"Sibson Road",
SCHOOL,MANDWAPD
"NEWHOUSE ROAD",
"HOUSE 13A",MANDWAPA
"NURSING HOME",MANJATJD
"INDUSTRIAL EST",MANJATJG
NEWSAGENT,MANPWJAT
"HOUSE 20",MANPWJAW
"HOUSE 24",MANATMGD
"HOUSE 94",MANJPJWG
SCHOOL,MANJPJWD
"SIEMENS ROAD",
SOLICITORS,MANTATPT
"BLACKFRIAR CRT",MANGJPJT
SCHOOL,MANGJPJW
SCHOOL,MANGAPAM
SCHOOL,MANGAPAJ
"Silver St (Nbd define route)",
"THE PINGOT",
"Silver Street (to define route)",
PUB,MANPMPDT
CHAPEL,MANPTAWP
"HOUSE 78",MANATWMA
"HOUSE 115",MANATWMD
"SILVERDALE ROAD",
"Silverdale Road (to def rte)",
"Silverdale Road (to def rte)",
"SILVINGTON WAY",
"SILVINGTON WAY",
"HEYWOOD OLD RD",
"HEYWOOD OLD RD",
"HOUSE 271",MANDTDMW
"HOUSE 218",MANGDAJW
"HOUSE 264",MANTAPTW
"HOUSE 267",MANTAPWA
FARM,MANGTGMA
SCHOOL,MANGTJDT
SCHOOL,MANGTJDP
"HOUSE 210",MANGPWDM
,MANGPTGM
,MANGWJPT
SIMONSWAY,
SIMONSWAY,
"HOUSE 56",MANPMPTP
"Simpkin Street",
"Simpkin Street",
RESTUARANT,MANGDPWG
"HOUSE 135",MANGJWPA
"Simpson Road",
"Simpson Road",
"GORSEY LANE",
"BROOKHEYS ROAD",
"DAIRYHOUSE ROAD",
"GORSEY LANE",
"BIRCH ROAD",
"BROOKHEYS ROAD",
"DAIRYHOUSE ROAD",
"BIRCH ROAD",
"RED HOUSE LANE",
"RED HOUSE LANE",
"SINDERLAND ROAD",
"MOSS LANE",
"SINDERLAND ROAD",
"MOSS LANE",
,MANJTWMT
"HOUSE 441",MANJTPJT
"HOUSE 409",MANJTWGM
"MELBOURNE AVE",
"MELBOURNE AVE",
"HOUSE 35",MANPAMWD
FLATS,MANDTPAJ
"HOUSE 4",MANDTPAG
"HOUSE 181",MANGPDTJ
"Singleton Rd (Ebd)",
"Singleton Rd (SWbd)",
"PILKINGTON WAY",
"PILKINGTON WAY",
OFFICES,MANJTAPW
"PREMIER INN",MANTPGMP
HOTEL,MANTPGMT
OFFICES,MANJTAWT
"FERGUSON STAND",MANJMWDW
"FOOTBALL GROUND",
"FOOTBALL GROUND",
"CHESTER ROAD",
"CHESTER ROAD",
"PROPERTY 841",MANGDPMT
"HOUSE 2",MANGDPMW
"PROPERTY 11",MANGATDP
"HOUSE 83",MANDAGWM
COLLEGE,MANAMJMG
COLLEGE,MANDAGWP
"HOUSE 19",MANDPMTG
"HOUSE 46",MANDPMTJ
"HOUSE 160",MANJTAWG
,MANAMTJW
"HOUSE 82",MANAMTJT
"GRAPHIC HOUSE",MANADMDJ
"RAILWAY BRIDGE",MANADPDW
"RAILWAY BRIDGE",MANADPGA
"SLADEN MILL",MANGAJPG
"SLADEN MILL",MANGAJPD
FIELD,
,MANTGAPA
,MANTGPAM
STABLES,MANTDJMT
"HOUSE 214",MANPJDMA
"HOUSE 173",MANPJDJW
"SLATER LANE",
CITROEN,MANJWGMD
"HOUSE 123",MANPGAPG
"O/S HOUSE 730",MANDWGTG
ROUNDABOUT,
ROUNDABOUT,
"LINK ROAD",
"LINK ROAD",
"BRADFORD STREET",
"BRADFORD STREET",
"LIVERPOOL ROAD",
"LIVERPOOL ROAD",
"LOSTOCK ROAD",
"LOSTOCK ROAD",
"BURY NEW ROAD",
BRAESIDE,MANGDJPJ
LIBRARY,MANGDJPM
"HOUSE 596",MANTAWPM
"HOUSE 337",MANTAWPT
"HOUSE 6",MANAJTMG
FLATS,MANDAGDW
"HAZELBOTTOM RD",
,MANDJTJW
"DERELICT CHURCH",MANDJPJG
"SUB STATION",MANDJPMG
"OS HOUSE 254",MANDJPJP
"HOUSE 147",MANPDJAT
"SAPLING ROAD",
"HOUSE 150",MANPDJAP
"HOUSE 398",MANJWDJM
"SAPLING ROAD",
"HOUSE 24",MANPJTPW
,MANPJTPT
"HOUSE 9",MANGAPDA
"HOUSE 50",MANGAPDJ
"HOUSE 6",MANGAPAW
"HOUSE 23",MANGAPDG
"RAINES CREST",
"RAINES CREST",
,MANAWJGM
"ASTLEY ARMS",MANDGWTW
,MANPDPWG
"SMITHHILLS DEAN",
"SMITHILLS HALL",MANPAGJP
"SMITHHILLS DEAN",
"HOUSE 131",MANPAGJM
"SMITHILLS SCHL",MANPAGDP
"SMITHILLS SCHL",MANPAGDW
"SMITHS LANE",
"PUBLIC HOUSE",MANTDAPA
"RED CAT PUB",MANTDAMT
"BARKE STREET",
,
,
"PUBLIC HOUSE",MANDGMDG
"RETAIL PARK",MANDGMDJ
"HOUSE 216",MANPMDPG
"COMMUNITY CTR",MANJMWTW
"HOUSE 197",MANJMWTP
"PREMIER STORE",MANPDADM
"HOUSE 565",MANPDADP
"HOUSE 1",MANAGJTD
"SOCIAL CLUB",MANGWPMP
CLUB,MANJGPGD
"SOCIAL CLUB",MANJMPJW
"SOCIAL CLUB",MANGWPMJ
"HOUSE 87",MANTGMGA
"HOUSE 102",MANGMWMW
"HOUSE 132",MANTGWAW
"HOUSE 87",MANTADGJ
"SOMERSET ROAD",
"SOMERSET ROAD",
"Somerset Road",
"SOMERSET ROAD",
"BOLTON SCHOOL",MANPDAMW
"Somerset Road",
"NORFOLK CRES",
"SOMERSET ROAD",
"Somerset Road (E bnd)",
"NORFOLK CRES",
"WAVERTREE AVE",
"Somerset Road (W Bnd)",
"TUDOR ROSE",MANDMGAG
NURSERY,MANDMGAD
"BURY ROAD",
,MANPGMJM
"HOUSE 687",MANPGMJG
"HOUSE 16",MANGMWDG
VICARAGE,MANGMWDW
"WIGAN ROAD",
"WIGAN ROAD",
"DOWNALL GRN LA",
"DOWNALL GRN LA",
"South Avenue",
"SOUTH AVENUE",
"South Avenue",
"HOUSE 195",MANPAPTM
"SOUTH AVENUE",
,
,
"SOUTH CROFT",
"SOUTH CROFT",
"PHEASANT RISE",
"PHEASANT RISE",
"MARLBOROUGH RD",
"MARLBOROUGH RD",
STITCH-MI-LANE,
"HOUSE 97",MANTMWPW
"SOUTH DRIVE",
STITCH-MI-LANE,
"SOUTH DRIVE",
"FLATS 51-61",MANGJDWP
FLATS,MANGJGTD
"South Lancs Industrial Estate",
"CARLTON HOUSE",MANGMJGD
"DAISY WAY",
"South Meadway (Ebd)",
"DRAKE STREET",
"DRAKE STREET",
"HOUSE 192",MANGPGAM
"SLFD SPORTS VIL",MANGPGAJ
"HOUSE 91",MANAWMJG
,MANJAGDA
,MANJAGAW
"(BEND IN M'WAY)",
FLATS,MANADTWD
,MANJAJDA
"HOUSE 3",MANJAGTP
"SOUTHERN APP",
"SOUTHERN APP",
"HOUSE 165",MANGWDWJ
"BUS STATION",MANGPJWP
"Southern Cemetery Bus Station",MANJADAP
"Southern Cemetery Bus Station",
"BUS STATION",MANGWDMP
"BUS STATION",MANGWDMJ
"HOUSE 2",MANPWGTJ
"CLOUGH AVENUE",
RYELANDS,
RYELANDS,
"CLOUGH AVENUE",
"CAR SHOWROOM",MANPJAJT
"HOUSE 426",MANJMJAT
"SOUTHGATE CTR",MANJMJAP
"HOUSE 861",MANGJWDA
"Hamilton Street/Southlink",
"GRASS VERGE",MANTGDTJ
"Hamilton Street/Southlink",
FIELD,MANGTDMW
"IND ESTATE",MANGWTDT
"NURSING HOME",MANGTDMT
"SOUTHMOOR ROAD",
"SOUTHMOOR ROAD",
SOUTHOVER,
"GELLERT ROAD",
"GELLERT ROAD",
SOUTHOVER,
"HALLIDAY COURT",MANGJAJW
,MANGJAMA
"HOUSE 2",MANTPDWT
"HOUSE 2",MANTPGAD
SANTANDER,MANGPGWG
CARPARK,MANPTWJA
"HOUSE 159",MANPDAGM
,MANPJWJM
"THE SPA TAVERN",MANPJWJP
PHARMACY,MANGWMJM
MCDONALDS,MANGWMJG
"SPARK ROAD",
"HOUSE 38",MANPTAPA
"HOUSE 31",MANPTAPD
"HOUSE 123",MANPWJTW
"WHITLEY CRES",
